,name,precursormz,rt,precursor,
0,UnknownID=0|RT=5.887,247.14488,5.886817,[M-H]+,0
1,UnknownID=1|RT=5.893,176.09222,5.89345,[M]+,1
2,UnknownID=2|RT=5.91,86.04232,5.910033,[M-H]+,2
3,UnknownID=3|RT=5.976,176.28847,5.976367,[M]+,3
4,UnknownID=4|RT=6.019,102.03707,6.019484,[M+H]+,4
5,UnknownID=6|RT=6.232,176.09224,6.231767,[M]+,5
6,UnknownID=9|RT=6.305,219.17206,6.30475,[M]+,6
7,UnknownID=10|RT=6.308,190.14403,6.308067,[M]+,7
8,UnknownID=11|RT=6.325,204.08562,6.32465,[M+H]+,8
9,UnknownID=12|RT=6.351,258.05817,6.351183,[M+H]+,9
10,UnknownID=13|RT=6.358,302.11917,6.357817,[M-H]+,10
11,UnknownID=14|RT=6.378,174.1129,6.377717,[M-H]+,11
12,UnknownID=16|RT=6.404,172.09666,6.40425,[M+H]+,12
13,UnknownID=17|RT=6.411,171.07677,6.410883,[M+H]+,13
14,UnknownID=18|RT=6.434,219.10416,6.434117,[M]+,14
15,UnknownID=19|RT=6.454,158.13602,6.454017,[M-H]+,15
16,UnknownID=21|RT=6.477,205.12734,6.477233,[M+H]+,16
17,UnknownID=22|RT=6.514,160.13188,6.513717,[M-H]+,17
18,UnknownID=23|RT=6.544,160.12997,6.543567,[M-H]+,18
19,UnknownID=24|RT=6.557,278.15335,6.556833,[M-H]+,19
20,UnknownID=26|RT=6.587,172.15163,6.586683,[M]+,20
21,UnknownID=27|RT=6.603,175.04211,6.603267,[M-H]+,21
22,UnknownID=28|RT=6.627,159.08353,6.6265,[M+H]+,22
23,UnknownID=31|RT=6.676,214.092,6.67625,[M+H]+,23
24,UnknownID=32|RT=6.726,214.05046,6.726,[M]+,24
25,UnknownID=34|RT=6.753,221.08894,6.752533,[M-H]+,25
26,UnknownID=36|RT=6.792,225.10324,6.792333,[M+H]+,26
27,UnknownID=40|RT=6.839,160.0428,6.838783,[M-H]+,27
28,UnknownID=41|RT=6.845,173.11647,6.845417,[M+H]+,28
29,UnknownID=42|RT=6.852,172.11496,6.85205,[M+H]+,29
30,UnknownID=43|RT=6.865,0,6.865317,[M+H]+,30
31,UnknownID=44|RT=6.882,225.09769,6.8819,[M-H]+,31
32,UnknownID=49|RT=7.078,97.10093,7.0776,[M-H]+,32
33,UnknownID=50|RT=7.111,225.16334,7.110767,[M]+,33
34,UnknownID=51|RT=7.121,182.07985,7.120717,[M+H]+,34
35,UnknownID=52|RT=7.137,280.07739,7.137317,[M]+,35
36,UnknownID=53|RT=7.151,345.25372,7.150583,[M+H]+,36
37,UnknownID=54|RT=7.174,295.10263,7.1738,[M+H]+,37
38,UnknownID=56|RT=7.263,281.16489,7.26335,[M+H]+,38
39,UnknownID=57|RT=7.27,128.03204,7.269983,[M+H]+,39
40,UnknownID=58|RT=7.277,152.05211,7.276617,[M+H]+,40
41,UnknownID=61|RT=7.33,0,7.329683,[M]+,41
42,UnknownID=62|RT=7.333,219.08652,7.333,[M+H]+,42
43,UnknownID=64|RT=7.376,239.17821,7.376133,[M-H]+,43
44,UnknownID=65|RT=7.386,191.09163,7.386083,[M+H]+,44
45,UnknownID=66|RT=7.393,0,7.392717,[M-H]+,45
46,UnknownID=68|RT=7.449,103.05733,7.4491,[M-H]+,46
47,UnknownID=69|RT=7.452,205.10716,7.452417,[M+H]+,47
48,UnknownID=70|RT=7.472,228.06692,7.472317,[M-H]+,48
49,UnknownID=71|RT=7.499,154.03175,7.49885,[M+H]+,49
50,UnknownID=72|RT=7.512,219.0864,7.512133,[M+H]+,50
51,UnknownID=73|RT=7.535,219.08662,7.53535,[M+H]+,51
52,UnknownID=74|RT=7.559,219.08662,7.558567,[M+H]+,52
53,UnknownID=75|RT=7.588,219.08655,7.588417,[M+H]+,53
54,UnknownID=76|RT=7.632,184.11244,7.631533,[M-H]+,54
55,UnknownID=77|RT=7.651,206.10149,7.651433,[M]+,55
56,UnknownID=78|RT=7.658,95.08544,7.658067,[M-H]+,56
57,UnknownID=79|RT=7.681,0,7.6813,[M+H]+,57
58,UnknownID=80|RT=7.701,117.03622,7.7012,[M-H]+,58
59,UnknownID=81|RT=7.784,133.0511,7.784117,[M-H]+,59
60,UnknownID=82|RT=7.884,91.05451,7.883633,[M-H]+,60
61,UnknownID=85|RT=7.97,184.0383,7.969867,[M-H]+,61
62,UnknownID=86|RT=7.99,174.09442,7.989767,[M+H]+,62
63,UnknownID=88|RT=8.043,218.10219,8.042833,[M+H]+,63
64,UnknownID=90|RT=8.069,274.05945,8.069384,[M-H]+,64
65,UnknownID=91|RT=8.116,218.10213,8.115817,[M+H]+,65
66,UnknownID=92|RT=8.132,0,8.1324,[M-H]+,66
67,UnknownID=93|RT=8.182,122.10858,8.18215,[M]+,67
68,UnknownID=94|RT=8.229,273.16806,8.2286,[M+H]+,68
69,UnknownID=96|RT=8.295,204.0865,8.294933,[M+H]+,69
70,UnknownID=97|RT=8.315,204.08649,8.314834,[M+H]+,70
71,UnknownID=98|RT=8.355,204.08659,8.354633,[M+H]+,71
72,UnknownID=100|RT=8.384,157.12198,8.3845,[M-H]+,72
73,UnknownID=101|RT=8.401,177.15878,8.401083,[M-H]+,73
74,UnknownID=103|RT=8.457,130.12254,8.457467,[M]+,74
75,UnknownID=104|RT=8.474,218.10242,8.47405,[M+H]+,75
76,UnknownID=105|RT=8.507,188.11003,8.507216,[M+H]+,76
77,UnknownID=106|RT=8.593,220.08124,8.593467,[M+H]+,77
78,UnknownID=108|RT=8.627,285.14002,8.626634,[M]+,78
79,UnknownID=109|RT=8.633,219.0865,8.633266,[M+H]+,79
80,UnknownID=110|RT=8.65,272.07483,8.64985,[M+H]+,80
81,UnknownID=111|RT=8.7,115.06792,8.6996,[M+H]+,81
82,UnknownID=112|RT=8.706,147.11674,8.706233,[M-H]+,82
83,UnknownID=113|RT=8.723,117.0479,8.722816,[M+H]+,83
84,UnknownID=114|RT=8.739,173.10942,8.7394,[M-H]+,84
85,UnknownID=117|RT=8.759,216.15889,8.7593,[M-H]+,85
86,UnknownID=118|RT=8.829,188.10997,8.828967,[M+H]+,86
87,UnknownID=119|RT=8.862,131.08556,8.862133,[M+H]+,87
88,UnknownID=121|RT=8.879,169.05852,8.878716,[M]+,88
89,UnknownID=125|RT=9.041,202.12561,9.04125,[M+H]+,89
90,UnknownID=126|RT=9.051,271.0943,9.0512,[M-H]+,90
91,UnknownID=127|RT=9.088,0,9.087684,[M-H]+,91
92,UnknownID=128|RT=9.104,172.07872,9.104267,[M+H]+,92
93,UnknownID=129|RT=9.118,188.11014,9.117534,[M+H]+,93
94,UnknownID=130|RT=9.124,173.08118,9.124166,[M-H]+,94
95,UnknownID=131|RT=9.137,156.08438,9.13745,[M+H]+,95
96,UnknownID=135|RT=9.303,170.06239,9.303284,[M+H]+,96
97,UnknownID=136|RT=9.406,0,9.406116,[M+H]+,97
98,UnknownID=137|RT=9.409,184.04002,9.409433,[M+H]+,98
99,UnknownID=138|RT=9.476,185.09911,9.475767,[M+H]+,99
100,UnknownID=140|RT=9.539,246.13318,9.5388,[M+H]+,100
101,UnknownID=141|RT=9.572,246.13377,9.571967,[M+H]+,101
102,UnknownID=142|RT=9.599,202.12567,9.5985,[M+H]+,102
103,UnknownID=144|RT=9.642,103.08547,9.641617,[M-H]+,103
104,UnknownID=148|RT=9.761,118.06873,9.761033,[M]+,104
105,UnknownID=149|RT=9.778,284.08804,9.777617,[M+H]+,105
106,UnknownID=150|RT=9.794,189.0864,9.7942,[M+H]+,106
107,UnknownID=151|RT=9.837,329.22607,9.837317,[M-H]+,107
108,UnknownID=153|RT=9.861,220.2121,9.860534,[M-H]+,108
109,UnknownID=154|RT=9.91,160.03995,9.9103,[M]+,109
110,UnknownID=157|RT=9.993,189.08736,9.993217,[M+H]+,110
111,UnknownID=158|RT=9.997,189.08737,9.996533,[M+H]+,111
112,UnknownID=159|RT=10.003,189.08734,10.00317,[M+H]+,112
113,UnknownID=160|RT=10.02,102.07377,10.01975,[M+H]+,113
114,UnknownID=162|RT=10.05,211.14607,10.0496,[M+H]+,114
115,UnknownID=164|RT=10.133,234.0972,10.13253,[M+H]+,115
116,UnknownID=165|RT=10.169,256.06146,10.16902,[M+H]+,116
117,UnknownID=166|RT=10.215,98.09637,10.21545,[M+H]+,117
118,UnknownID=167|RT=10.232,262.14685,10.23203,[M+H]+,118
119,UnknownID=168|RT=10.242,263.14712,10.24198,[M]+,119
120,UnknownID=170|RT=10.312,293.14157,10.31165,[M+H]+,120
121,UnknownID=171|RT=10.322,300.07178,10.3216,[M+H]+,121
122,UnknownID=172|RT=10.335,299.07111,10.33487,[M+H]+,122
123,UnknownID=173|RT=10.345,293.14157,10.34482,[M+H]+,123
124,UnknownID=176|RT=10.368,315.10046,10.36803,[M-H]+,124
125,UnknownID=177|RT=10.61,0,10.61017,[M-H]+,125
126,UnknownID=178|RT=10.627,248.11285,10.62677,[M+H]+,126
127,UnknownID=179|RT=10.683,244.11769,10.68315,[M-H]+,127
128,UnknownID=180|RT=10.69,245.12045,10.68978,[M]+,128
129,UnknownID=181|RT=10.693,244.11777,10.6931,[M+H]+,129
130,UnknownID=182|RT=10.726,193.06754,10.72627,[M+H]+,130
131,UnknownID=183|RT=10.74,107.08635,10.73953,[M-H]+,131
132,UnknownID=185|RT=10.803,276.12619,10.80257,[M+H]+,132
133,UnknownID=186|RT=10.806,276.1264,10.80588,[M-H]+,133
134,UnknownID=187|RT=10.862,219.12244,10.86227,[M-H]+,134
135,UnknownID=188|RT=10.876,247.08125,10.87553,[M+H]+,135
136,UnknownID=189|RT=10.922,306.15274,10.92197,[M]+,136
137,UnknownID=190|RT=11.025,261.09695,11.0248,[M+H]+,137
138,UnknownID=191|RT=11.055,263.12933,11.05465,[M-H]+,138
139,UnknownID=193|RT=11.068,309.12573,11.06792,[M-H]+,139
140,UnknownID=195|RT=11.141,144.06601,11.1409,[M+H]+,140
141,UnknownID=196|RT=11.161,142.04755,11.1608,[M-H]+,141
142,UnknownID=197|RT=11.184,241.08144,11.18402,[M+H]+,142
143,UnknownID=200|RT=11.217,237.12189,11.21718,[M-H]+,143
144,UnknownID=202|RT=11.254,298.10818,11.25367,[M-H]+,144
145,UnknownID=203|RT=11.323,113.02274,11.32332,[M]+,145
146,UnknownID=205|RT=11.449,306.13632,11.44937,[M+H]+,146
147,UnknownID=206|RT=11.456,306.13632,11.456,[M+H]+,147
148,UnknownID=207|RT=11.496,128.06288,11.4958,[M]+,148
149,UnknownID=209|RT=11.556,333.15558,11.55552,[M-H]+,149
150,UnknownID=210|RT=11.585,155.1188,11.58537,[M-H]+,150
151,UnknownID=211|RT=11.685,335.15146,11.68487,[M+H]+,151
152,UnknownID=212|RT=11.745,209.08972,11.74458,[M+H]+,152
153,UnknownID=213|RT=11.758,223.14114,11.75785,[M]+,153
154,UnknownID=214|RT=11.788,304.16086,11.7877,[M+H]+,154
155,UnknownID=216|RT=11.821,277.09204,11.82087,[M+H]+,155
156,UnknownID=217|RT=11.841,357.15967,11.84077,[M-H]+,156
157,UnknownID=218|RT=11.9,103.05675,11.90047,[M+H]+,157
158,UnknownID=220|RT=11.99,219.11607,11.99003,[M]+,158
159,UnknownID=221|RT=12.056,217.08821,12.05637,[M+H]+,159
160,UnknownID=222|RT=12.07,277.08896,12.06963,[M+H]+,160
161,UnknownID=226|RT=12.289,105.07005,12.28855,[M-H]+,161
162,UnknownID=227|RT=12.305,262.09232,12.30513,[M+H]+,162
163,UnknownID=228|RT=12.325,304.13892,12.32503,[M-H]+,163
164,UnknownID=231|RT=12.391,112.11245,12.39138,[M+H]+,164
165,UnknownID=232|RT=12.474,371.17844,12.4743,[M-H]+,165
166,UnknownID=233|RT=12.484,274.12817,12.48425,[M+H]+,166
167,UnknownID=234|RT=12.557,223.10478,12.55723,[M-H]+,167
168,UnknownID=236|RT=12.697,199.11432,12.69655,[M+H]+,168
169,UnknownID=237|RT=12.73,275.1423,12.72972,[M+H]+,169
170,UnknownID=238|RT=12.746,305.16037,12.7463,[M]+,170
171,UnknownID=239|RT=12.866,320.11597,12.8657,[M+H]+,171
172,UnknownID=240|RT=12.896,349.1337,12.89557,[M+H]+,172
173,UnknownID=241|RT=12.978,364.0917,12.97848,[M+H]+,173
174,UnknownID=242|RT=12.985,336.14743,12.98512,[M+H]+,174
175,UnknownID=243|RT=13.085,335.11591,13.08463,[M+H]+,175
176,UnknownID=244|RT=13.181,156.11819,13.18082,[M-H]+,176
177,UnknownID=245|RT=13.201,156.10153,13.20072,[M]+,177
178,UnknownID=247|RT=13.284,186.0582,13.28365,[M+H]+,178
179,UnknownID=248|RT=13.31,245.10168,13.31018,[M-H]+,179
180,UnknownID=249|RT=13.317,261.13324,13.31682,[M]+,180
181,UnknownID=251|RT=13.423,273.13309,13.42297,[M+H]+,181
182,UnknownID=252|RT=13.486,334.13074,13.48598,[M+H]+,182
183,UnknownID=253|RT=13.496,278.10577,13.49593,[M+H]+,183
184,UnknownID=254|RT=13.503,0,13.50257,[M+H]+,184
185,UnknownID=255|RT=13.536,258.09741,13.53573,[M+H]+,185
186,UnknownID=256|RT=13.599,229.21552,13.59877,[M-H]+,186
187,UnknownID=257|RT=13.635,304.1572,13.63525,[M+H]+,187
188,UnknownID=258|RT=13.652,276.10803,13.65183,[M+H]+,188
189,UnknownID=259|RT=13.675,186.09404,13.67505,[M]+,189
190,UnknownID=260|RT=13.695,241.13713,13.69495,[M+H]+,190
191,UnknownID=261|RT=13.741,103.05833,13.74138,[M-H]+,191
192,UnknownID=262|RT=13.778,364.09161,13.77787,[M+H]+,192
193,UnknownID=264|RT=13.874,189.07671,13.87407,[M+H]+,193
194,UnknownID=265|RT=13.894,222.09407,13.89397,[M+H]+,194
195,UnknownID=266|RT=13.927,314.15326,13.92713,[M]+,195
196,UnknownID=267|RT=13.944,365.17606,13.94372,[M]+,196
197,UnknownID=268|RT=13.96,0,13.9603,[M+H]+,197
198,UnknownID=269|RT=13.997,185.11021,13.9968,[M]+,198
199,UnknownID=270|RT=14.083,128.03178,14.08303,[M-H]+,199
200,UnknownID=271|RT=14.103,216.06464,14.10293,[M-H]+,200
201,UnknownID=272|RT=14.139,349.13043,14.13943,[M]+,201
202,UnknownID=273|RT=14.256,288.10773,14.25552,[M+H]+,202
203,UnknownID=274|RT=14.282,347.26553,14.28205,[M+H]+,203
204,UnknownID=275|RT=14.435,317.16049,14.43463,[M+H]+,204
205,UnknownID=277|RT=14.504,159.11494,14.5043,[M-H]+,205
206,UnknownID=279|RT=14.597,0,14.59717,[M+H]+,206
207,UnknownID=280|RT=14.627,349.21402,14.62702,[M-H]+,207
208,UnknownID=281|RT=14.663,348.1477,14.6635,[M+H]+,208
209,UnknownID=282|RT=14.673,329.12891,14.67347,[M+H]+,209
210,UnknownID=283|RT=14.683,348.14743,14.68342,[M+H]+,210
211,UnknownID=284|RT=14.793,294.13361,14.79287,[M+H]+,211
212,UnknownID=285|RT=14.803,318.1727,14.80282,[M+H]+,212
213,UnknownID=287|RT=14.853,423.14984,14.85257,[M+H]+,213
214,UnknownID=288|RT=14.939,281.10184,14.93882,[M+H]+,214
215,UnknownID=289|RT=14.972,245.09474,14.97198,[M-H]+,215
216,UnknownID=290|RT=15.065,263.13464,15.06487,[M-H]+,216
217,UnknownID=291|RT=15.091,333.13712,15.0914,[M]+,217
218,UnknownID=292|RT=15.148,346.168,15.14778,[M+H]+,218
219,UnknownID=293|RT=15.237,245.13747,15.23735,[M]+,219
220,UnknownID=294|RT=15.244,172.07764,15.24398,[M]+,220
221,UnknownID=295|RT=15.254,243.09692,15.25393,[M+H]+,221
222,UnknownID=296|RT=15.267,305.10001,15.2672,[M+H]+,222
223,UnknownID=297|RT=15.294,226.11937,15.29373,[M]+,223
224,UnknownID=298|RT=15.307,262.12912,15.307,[M]+,224
225,UnknownID=300|RT=15.324,452.2121,15.32358,[M+H]+,225
226,UnknownID=301|RT=15.334,275.11023,15.33353,[M-H]+,226
227,UnknownID=302|RT=15.363,361.16705,15.36338,[M+H]+,227
228,UnknownID=303|RT=15.37,401.16965,15.37002,[M+H]+,228
229,UnknownID=304|RT=15.579,387.12195,15.57898,[M+H]+,229
230,UnknownID=305|RT=15.586,388.12476,15.58562,[M]+,230
231,UnknownID=307|RT=15.639,302.1637,15.6387,[M]+,231
232,UnknownID=308|RT=15.645,392.17313,15.64533,[M+H]+,232
233,UnknownID=311|RT=15.771,452.23801,15.77138,[M+H]+,233
234,UnknownID=312|RT=15.798,331.15424,15.79792,[M+H]+,234
235,UnknownID=313|RT=15.814,316.10223,15.8145,[M+H]+,235
236,UnknownID=315|RT=15.861,452.23267,15.86093,[M+H]+,236
237,UnknownID=316|RT=15.871,277.14618,15.87088,[M+H]+,237
238,UnknownID=317|RT=15.884,361.16403,15.88415,[M+H]+,238
239,UnknownID=318|RT=15.931,257.24619,15.93058,[M-H]+,239
240,UnknownID=319|RT=15.941,377.1268,15.94053,[M+H]+,240
241,UnknownID=320|RT=15.947,205.06758,15.94717,[M+H]+,241
242,UnknownID=321|RT=15.997,211.08719,15.99693,[M+H]+,242
243,UnknownID=322|RT=16.017,261.13226,16.01683,[M-H]+,243
244,UnknownID=323|RT=16.05,377.26315,16.05,[M+H]+,244
245,UnknownID=324|RT=16.067,259.11627,16.06658,[M+H]+,245
246,UnknownID=325|RT=16.08,357.11096,16.07985,[M+H]+,246
247,UnknownID=326|RT=16.093,331.15701,16.09312,[M-H]+,247
248,UnknownID=327|RT=16.123,375.10953,16.12297,[M+H]+,248
249,UnknownID=328|RT=16.126,347.21591,16.12628,[M]+,249
250,UnknownID=329|RT=16.136,313.17618,16.13625,[M-H]+,250
251,UnknownID=331|RT=16.166,211.08919,16.1661,[M]+,251
252,UnknownID=332|RT=16.252,445.14746,16.25233,[M+H]+,252
253,UnknownID=333|RT=16.272,511.22006,16.27223,[M+H]+,253
254,UnknownID=334|RT=16.309,285.09659,16.30872,[M+H]+,254
255,UnknownID=335|RT=16.352,331.18475,16.35185,[M+H]+,255
256,UnknownID=336|RT=16.385,511.21951,16.38502,[M+H]+,256
257,UnknownID=337|RT=16.392,348.16605,16.39165,[M-H]+,257
258,UnknownID=338|RT=16.402,377.16257,16.4016,[M-H]+,258
259,UnknownID=339|RT=16.408,347.16242,16.40823,[M-H]+,259
260,UnknownID=340|RT=16.415,359.11606,16.41487,[M+H]+,260
261,UnknownID=341|RT=16.458,347.1507,16.45798,[M-H]+,261
262,UnknownID=342|RT=16.465,347.2175,16.46462,[M+H]+,262
263,UnknownID=343|RT=16.471,259.11606,16.47125,[M]+,263
264,UnknownID=344|RT=16.528,147.06551,16.52765,[M-H]+,264
265,UnknownID=345|RT=16.534,232.11845,16.53428,[M+H]+,265
266,UnknownID=346|RT=16.554,204.05373,16.55418,[M+H]+,266
267,UnknownID=347|RT=16.607,301.16995,16.60725,[M+H]+,267
268,UnknownID=349|RT=16.664,333.19284,16.66363,[M+H]+,268
269,UnknownID=350|RT=16.717,391.21982,16.71672,[M-H]+,269
270,UnknownID=352|RT=16.783,361.16901,16.78305,[M]+,270
271,UnknownID=353|RT=16.786,217.10649,16.78637,[M-H]+,271
272,UnknownID=354|RT=16.8,405.19525,16.79963,[M]+,272
273,UnknownID=355|RT=16.806,421.21164,16.80627,[M-H]+,273
274,UnknownID=356|RT=16.869,393.17966,16.8693,[M-H]+,274
275,UnknownID=357|RT=16.876,0,16.87593,[M-H]+,275
276,UnknownID=358|RT=16.883,437.16242,16.88257,[M-H]+,276
277,UnknownID=359|RT=16.893,405.22281,16.89252,[M+H]+,277
278,UnknownID=360|RT=16.896,391.13779,16.89583,[M-H]+,278
279,UnknownID=363|RT=16.972,449.20096,16.97212,[M+H]+,279
280,UnknownID=365|RT=17.068,524.23981,17.06832,[M]+,280
281,UnknownID=366|RT=17.075,329.14478,17.07495,[M+H]+,281
282,UnknownID=367|RT=17.115,375.24912,17.11475,[M+H]+,282
283,UnknownID=368|RT=17.201,190.08525,17.20098,[M-H]+,283
284,UnknownID=369|RT=17.241,361.16754,17.2408,[M+H]+,284
285,UnknownID=370|RT=17.271,361.16614,17.27065,[M+H]+,285
286,UnknownID=371|RT=17.281,537.23541,17.2806,[M+H]+,286
287,UnknownID=373|RT=17.297,537.23578,17.29718,[M-H]+,287
288,UnknownID=374|RT=17.31,403.11206,17.31045,[M+H]+,288
289,UnknownID=375|RT=17.32,419.19074,17.3204,[M+H]+,289
290,UnknownID=376|RT=17.327,405.17276,17.32703,[M-H]+,290
291,UnknownID=379|RT=17.44,464.21179,17.43982,[M+H]+,291
292,UnknownID=380|RT=17.453,89.04189,17.45308,[M]+,292
293,UnknownID=381|RT=17.46,539.27173,17.45972,[M]+,293
294,UnknownID=382|RT=17.466,527.25226,17.46635,[M-H]+,294
295,UnknownID=383|RT=17.5,95.10979,17.49952,[M-H]+,295
296,UnknownID=384|RT=17.506,89.04244,17.50615,[M-H]+,296
297,UnknownID=385|RT=17.523,133.06787,17.52273,[M-H]+,297
298,UnknownID=386|RT=17.543,345.13611,17.54263,[M+H]+,298
299,UnknownID=387|RT=17.553,173.0858,17.55258,[M+H]+,299
300,UnknownID=388|RT=17.559,129.03679,17.55922,[M+H]+,300
301,UnknownID=389|RT=17.569,554.26215,17.56917,[M-H]+,301
302,UnknownID=390|RT=17.592,313.13913,17.59238,[M+H]+,302
303,UnknownID=391|RT=17.652,117.03677,17.6521,[M+H]+,303
304,UnknownID=392|RT=17.659,133.06793,17.65873,[M-H]+,304
305,UnknownID=393|RT=17.692,405.22272,17.6919,[M+H]+,305
306,UnknownID=394|RT=17.695,259.1185,17.69522,[M]+,306
307,UnknownID=395|RT=17.738,539.2533,17.73833,[M]+,307
308,UnknownID=396|RT=17.752,174.09401,17.7516,[M]+,308
309,UnknownID=397|RT=17.755,89.04191,17.75492,[M-H]+,309
310,UnknownID=398|RT=17.758,319.15735,17.75823,[M]+,310
311,UnknownID=399|RT=17.898,464.21011,17.89755,[M-H]+,311
312,UnknownID=400|RT=17.924,291.12576,17.92408,[M+H]+,312
313,UnknownID=401|RT=17.954,375.1947,17.95393,[M+H]+,313
314,UnknownID=402|RT=17.971,284.12256,17.97053,[M+H]+,314
315,UnknownID=403|RT=17.997,419.2385,17.99707,[M+H]+,315
316,UnknownID=404|RT=18.01,419.23776,18.01033,[M+H]+,316
317,UnknownID=405|RT=18.037,133.01329,18.03687,[M-H]+,317
318,UnknownID=406|RT=18.063,199.16896,18.0634,[M-H]+,318
319,UnknownID=407|RT=18.073,419.21716,18.07335,[M+H]+,319
320,UnknownID=408|RT=18.09,478.18738,18.08993,[M+H]+,320
321,UnknownID=409|RT=18.116,217.10724,18.11647,[M-H]+,321
322,UnknownID=410|RT=18.146,553.28027,18.14633,[M+H]+,322
323,UnknownID=411|RT=18.153,553.27924,18.15297,[M]+,323
324,UnknownID=412|RT=18.163,382.16754,18.16292,[M+H]+,324
325,UnknownID=413|RT=18.199,405.24106,18.1994,[M-H]+,325
326,UnknownID=414|RT=18.216,245.0658,18.21598,[M-H]+,326
327,UnknownID=415|RT=18.252,133.01189,18.25247,[M-H]+,327
328,UnknownID=416|RT=18.299,482.22186,18.2989,[M-H]+,328
329,UnknownID=417|RT=18.309,317.08258,18.30885,[M]+,329
330,UnknownID=419|RT=18.352,419.21683,18.35198,[M+H]+,330
331,UnknownID=420|RT=18.442,433.22498,18.44153,[M+H]+,331
332,UnknownID=421|RT=18.455,433.23279,18.4548,[M+H]+,332
333,UnknownID=422|RT=18.478,466.23218,18.47802,[M+H]+,333
334,UnknownID=423|RT=18.561,419.21497,18.56095,[M+H]+,334
335,UnknownID=424|RT=18.581,389.20813,18.58085,[M-H]+,335
336,UnknownID=425|RT=18.647,433.23471,18.64718,[M+H]+,336
337,UnknownID=426|RT=18.717,523.22076,18.71685,[M+H]+,337
338,UnknownID=427|RT=18.773,267.09644,18.77323,[M+H]+,338
339,UnknownID=428|RT=18.836,613.24585,18.83625,[M-H]+,339
340,UnknownID=429|RT=18.863,479.22342,18.86278,[M+H]+,340
341,UnknownID=430|RT=18.869,480.21741,18.86942,[M]+,341
342,UnknownID=431|RT=18.883,103.05744,18.88268,[M-H]+,342
343,UnknownID=432|RT=18.896,353.12732,18.89595,[M+H]+,343
344,UnknownID=433|RT=18.969,270.09619,18.96893,[M+H]+,344
345,UnknownID=434|RT=18.982,191.09152,18.9822,[M-H]+,345
346,UnknownID=435|RT=19.002,171.11597,19.0021,[M+H]+,346
347,UnknownID=436|RT=19.045,435.19812,19.04522,[M+H]+,347
348,UnknownID=437|RT=19.065,492.27383,19.06512,[M+H]+,348
349,UnknownID=438|RT=19.204,313.25534,19.20443,[M-H]+,349
350,UnknownID=439|RT=19.208,313.25534,19.20775,[M-H]+,350
351,UnknownID=440|RT=19.228,357.31769,19.22765,[M+H]+,351
352,UnknownID=441|RT=19.274,551.27154,19.27408,[M+H]+,352
353,UnknownID=442|RT=19.281,449.21222,19.28072,[M+H]+,353
354,UnknownID=443|RT=19.44,359.13657,19.43993,[M+H]+,354
355,UnknownID=444|RT=19.447,417.20688,19.44657,[M+H]+,355
356,UnknownID=445|RT=19.466,508.25488,19.46647,[M]+,356
357,UnknownID=446|RT=19.47,434.20126,19.46978,[M+H]+,357
358,UnknownID=447|RT=19.553,595.29254,19.55272,[M+H]+,358
359,UnknownID=448|RT=19.599,597.27154,19.59915,[M+H]+,359
360,UnknownID=449|RT=19.646,383.13916,19.64558,[M+H]+,360
361,UnknownID=450|RT=19.659,523.24805,19.65885,[M+H]+,361
362,UnknownID=451|RT=19.665,370.1243,19.66548,[M-H]+,362
363,UnknownID=452|RT=19.689,441.15848,19.6887,[M+H]+,363
364,UnknownID=453|RT=19.745,641.2843,19.74508,[M]+,364
365,UnknownID=454|RT=19.758,231.20958,19.75837,[M+H]+,365
366,UnknownID=456|RT=19.831,372.17636,19.83133,[M]+,366
367,UnknownID=457|RT=19.977,283.26227,19.97728,[M+H]+,367
368,UnknownID=458|RT=20.093,640.29132,20.09337,[M+H]+,368
369,UnknownID=460|RT=20.256,625.32355,20.2559,[M+H]+,369
370,UnknownID=461|RT=20.272,417.16415,20.27248,[M+H]+,370
371,UnknownID=462|RT=20.382,392.15094,20.38195,[M+H]+,371
372,UnknownID=463|RT=20.481,131.05241,20.48147,[M+H]+,372
373,UnknownID=464|RT=20.501,371.20102,20.50137,[M-H]+,373
374,UnknownID=465|RT=20.525,0,20.52458,[M+H]+,374
375,UnknownID=466|RT=20.568,333.14252,20.5677,[M+H]+,375
376,UnknownID=468|RT=20.724,337.25525,20.7236,[M+H]+,376
377,UnknownID=469|RT=20.747,405.1831,20.74682,[M+H]+,377
378,UnknownID=470|RT=20.787,339.27081,20.78662,[M+H]+,378
379,UnknownID=471|RT=20.8,445.15845,20.79988,[M+H]+,379
380,UnknownID=472|RT=20.833,507.21719,20.83305,[M+H]+,380
381,UnknownID=473|RT=20.946,654.34705,20.94583,[M+H]+,381
382,UnknownID=474|RT=20.996,341.28635,20.99558,[M-H]+,382
383,UnknownID=475|RT=21.032,361.16745,21.03207,[M+H]+,383
384,UnknownID=476|RT=21.069,697.38708,21.06857,[M-H]+,384
385,UnknownID=477|RT=21.075,339.17151,21.0752,[M+H]+,385
386,UnknownID=478|RT=21.128,461.17538,21.12827,[M+H]+,386
387,UnknownID=479|RT=21.135,479.1958,21.1349,[M+H]+,387
388,UnknownID=480|RT=21.161,667.32068,21.16143,[M+H]+,388
389,UnknownID=481|RT=21.168,653.30109,21.16807,[M-H]+,389
390,UnknownID=482|RT=21.234,668.34686,21.23442,[M]+,390
391,UnknownID=483|RT=21.351,667.34656,21.3505,[M+H]+,391
392,UnknownID=484|RT=21.387,667.34161,21.387,[M+H]+,392
393,UnknownID=485|RT=21.397,345.13614,21.39695,[M+H]+,393
394,UnknownID=486|RT=21.467,361.16681,21.4666,[M+H]+,394
395,UnknownID=487|RT=21.516,361.16635,21.51635,[M+H]+,395
396,UnknownID=488|RT=21.573,667.34393,21.57273,[M+H]+,396
397,UnknownID=489|RT=21.646,269.22174,21.64572,[M-H]+,397
398,UnknownID=490|RT=21.745,311.29327,21.74522,[M+H]+,398
399,UnknownID=491|RT=21.967,361.17017,21.96745,[M]+,399
400,UnknownID=492|RT=21.984,231.08646,21.98403,[M+H]+,400
401,UnknownID=493|RT=22.024,361.13681,22.02385,[M-H]+,401
402,UnknownID=494|RT=22.05,637.30371,22.05038,[M+H]+,402
403,UnknownID=495|RT=22.276,358.16315,22.27593,[M]+,403
404,UnknownID=496|RT=22.302,444.17374,22.30247,[M+H]+,404
405,UnknownID=497|RT=22.392,739.39038,22.39203,[M+H]+,405
406,UnknownID=498|RT=22.647,430.18304,22.64743,[M-H]+,406
407,UnknownID=499|RT=22.654,517.20428,22.65407,[M+H]+,407
408,UnknownID=500|RT=22.783,468.2598,22.78343,[M+H]+,408
409,UnknownID=501|RT=23.128,303.14081,23.1284,[M+H]+,409
410,UnknownID=502|RT=23.374,339.32596,23.37385,[M+H]+,410
411,UnknownID=504|RT=23.503,459.33188,23.50322,[M-H]+,411
412,UnknownID=505|RT=23.54,289.12967,23.5397,[M-H]+,412
413,UnknownID=506|RT=23.672,259.11893,23.67238,[M+H]+,413
414,UnknownID=509|RT=23.765,403.30737,23.76525,[M]+,414
415,UnknownID=510|RT=23.808,548.29382,23.80837,[M+H]+,415
416,UnknownID=512|RT=24.031,755.34161,24.03062,[M+H]+,416
417,UnknownID=513|RT=24.11,379.17999,24.11022,[M-H]+,417
418,UnknownID=514|RT=24.319,827.38666,24.31918,[M+H]+,418
419,UnknownID=515|RT=24.346,725.2879,24.34572,[M+H]+,419
420,UnknownID=517|RT=24.382,701.32355,24.3822,[M+H]+,420
421,UnknownID=518|RT=24.482,347.14746,24.48172,[M+H]+,421
422,UnknownID=519|RT=24.518,422.20898,24.5182,[M]+,422
423,UnknownID=520|RT=24.525,345.13687,24.52483,[M+H]+,423
424,UnknownID=521|RT=24.531,697.30408,24.53147,[M-H]+,424
425,UnknownID=522|RT=24.641,407.19269,24.64093,[M-H]+,425
426,UnknownID=523|RT=24.87,0,24.8698,[M-H]+,426
427,UnknownID=524|RT=24.893,311.29553,24.89302,[M-H]+,427
428,UnknownID=526|RT=24.92,217.10669,24.91955,[M-H]+,428
429,UnknownID=529|RT=24.996,396.23578,24.99585,[M]+,429
430,UnknownID=530|RT=25.178,345.13809,25.17828,[M+H]+,430
431,UnknownID=531|RT=25.185,335.14841,25.18492,[M-H]+,431
432,UnknownID=533|RT=25.241,392.17795,25.2413,[M+H]+,432
433,UnknownID=534|RT=25.371,346.16956,25.37067,[M+H]+,433
434,UnknownID=535|RT=25.424,419.18402,25.42373,[M+H]+,434
435,UnknownID=536|RT=25.43,361.16705,25.43037,[M+H]+,435
436,UnknownID=537|RT=25.513,394.34518,25.5133,[M+H]+,436
437,UnknownID=538|RT=25.573,420.17108,25.573,[M]+,437
438,UnknownID=539|RT=25.623,319.15726,25.62275,[M-H]+,438
439,UnknownID=540|RT=25.752,361.16705,25.75212,[M-H]+,439
440,UnknownID=542|RT=25.809,511.2421,25.8085,[M-H]+,440
441,UnknownID=544|RT=25.905,231.12116,25.9047,[M]+,441
442,UnknownID=545|RT=26.296,395.38666,26.2961,[M+H]+,442
443,UnknownID=546|RT=26.299,395.3847,26.29942,[M-H]+,443
444,UnknownID=549|RT=26.565,377.0307,26.56477,[M-H]+,444
445,UnknownID=550|RT=26.588,377.13534,26.588,[M+H]+,445
446,UnknownID=553|RT=27.215,355.33127,27.2149,[M-H]+,446
447,UnknownID=554|RT=27.454,317.14233,27.45372,[M-H]+,447
448,UnknownID=555|RT=27.55,334.24979,27.54992,[M]+,448
449,UnknownID=556|RT=27.613,311.29135,27.61293,[M-H]+,449
450,UnknownID=557|RT=27.805,353.31891,27.80532,[M-H]+,450
451,UnknownID=558|RT=28.26,339.26657,28.25975,[M+H]+,451
452,UnknownID=559|RT=28.654,593.38532,28.65447,[M-H]+,452
453,UnknownID=560|RT=28.731,181.10199,28.73077,[M-H]+,453
454,UnknownID=561|RT=28.747,211.14766,28.74735,[M+H]+,454
455,UnknownID=562|RT=28.751,681.41943,28.75067,[M]+,455
456,UnknownID=563|RT=28.787,333.25659,28.78715,[M+H]+,456
457,UnknownID=566|RT=28.853,283.24036,28.85348,[M-H]+,457
458,UnknownID=567|RT=28.857,307.20703,28.8568,[M-H]+,458
459,UnknownID=568|RT=28.913,353.34213,28.9132,[M-H]+,459
460,UnknownID=569|RT=29.049,593.38367,29.04918,[M-H]+,460
461,UnknownID=570|RT=29.089,381.35068,29.089,[M-H]+,461
462,UnknownID=571|RT=29.169,437.20236,29.1686,[M-H]+,462
463,UnknownID=573|RT=29.232,317.1416,29.23162,[M-H]+,463
464,UnknownID=574|RT=30.356,533.35492,30.35607,[M+H]+,464
465,UnknownID=575|RT=30.366,0,30.36602,[M-H]+,465
466,UnknownID=576|RT=30.631,317.14059,30.63138,[M+H]+,466
467,UnknownID=577|RT=31.096,435.17029,31.09575,[M-H]+,467
468,UnknownID=578|RT=31.106,317.13892,31.1057,[M+H]+,468
469,UnknownID=579|RT=31.109,345.13898,31.10902,[M+H]+,469
470,UnknownID=580|RT=31.756,634.39685,31.75582,[M+H]+,470
471,UnknownID=581|RT=31.766,632.39478,31.76577,[M+H]+,471
472,UnknownID=583|RT=31.865,751.47247,31.86528,[M]+,472
473,UnknownID=584|RT=31.879,720.42981,31.87855,[M+H]+,473
474,UnknownID=585|RT=31.885,648.41321,31.88518,[M-H]+,474
475,UnknownID=586|RT=32.111,720.42847,32.11073,[M+H]+,475
476,UnknownID=587|RT=32.117,720.4372,32.11737,[M]+,476
477,UnknownID=588|RT=32.124,692.46436,32.12402,[M-H]+,477
478,UnknownID=589|RT=33.258,541.35791,33.2584,[M]+,478
479,UnknownID=590|RT=33.268,811.47748,33.26835,[M]+,479
480,UnknownID=591|RT=33.275,811.47333,33.27498,[M]+,480
481,UnknownID=592|RT=33.285,0,33.28493,[M]+,481
482,UnknownID=594|RT=33.59,722.44562,33.5901,[M+H]+,482
483,UnknownID=595|RT=35.401,187.15303,35.40117,[M-H]+,483
484,UnknownID=596|RT=35.408,237.16133,35.4078,[M+H]+,484
485,UnknownID=597|RT=35.885,173.13271,35.88545,[M+H]+,485
486,UnknownID=598|RT=35.905,227.17998,35.90535,[M+H]+,486
487,UnknownID=0|RT=5.887,247.14488,5.886817,[M-H]+,487
488,UnknownID=1|RT=5.893,176.09222,5.89345,[M]+,488
489,UnknownID=2|RT=5.91,86.04232,5.910033,[M-H]+,489
490,UnknownID=3|RT=5.976,176.28847,5.976367,[M]+,490
491,UnknownID=4|RT=6.019,102.03707,6.019484,[M+H]+,491
492,UnknownID=6|RT=6.232,176.09224,6.231767,[M]+,492
493,UnknownID=9|RT=6.305,219.17206,6.30475,[M]+,493
494,UnknownID=10|RT=6.308,190.14403,6.308067,[M]+,494
495,UnknownID=11|RT=6.325,204.08562,6.32465,[M+H]+,495
496,UnknownID=12|RT=6.351,258.05817,6.351183,[M+H]+,496
497,UnknownID=13|RT=6.358,302.11917,6.357817,[M-H]+,497
498,UnknownID=14|RT=6.378,174.1129,6.377717,[M-H]+,498
499,UnknownID=16|RT=6.404,172.09666,6.40425,[M+H]+,499
500,UnknownID=17|RT=6.411,171.07677,6.410883,[M+H]+,500
501,UnknownID=18|RT=6.434,219.10416,6.434117,[M]+,501
502,UnknownID=19|RT=6.454,158.13602,6.454017,[M-H]+,502
503,UnknownID=21|RT=6.477,205.12734,6.477233,[M+H]+,503
504,UnknownID=22|RT=6.514,160.13188,6.513717,[M-H]+,504
505,UnknownID=23|RT=6.544,160.12997,6.543567,[M-H]+,505
506,UnknownID=24|RT=6.557,278.15335,6.556833,[M-H]+,506
507,UnknownID=26|RT=6.587,172.15163,6.586683,[M]+,507
508,UnknownID=27|RT=6.603,175.04211,6.603267,[M-H]+,508
509,UnknownID=28|RT=6.627,159.08353,6.6265,[M+H]+,509
510,UnknownID=31|RT=6.676,214.092,6.67625,[M+H]+,510
511,UnknownID=32|RT=6.726,214.05046,6.726,[M]+,511
512,UnknownID=34|RT=6.753,221.08894,6.752533,[M-H]+,512
513,UnknownID=36|RT=6.792,225.10324,6.792333,[M+H]+,513
514,UnknownID=40|RT=6.839,160.0428,6.838783,[M-H]+,514
515,UnknownID=41|RT=6.845,173.11647,6.845417,[M+H]+,515
516,UnknownID=42|RT=6.852,172.11496,6.85205,[M+H]+,516
517,UnknownID=43|RT=6.865,83.08567,6.865317,[M+H]+,517
518,UnknownID=44|RT=6.882,225.09769,6.8819,[M-H]+,518
519,UnknownID=49|RT=7.078,97.10093,7.0776,[M-H]+,519
520,UnknownID=50|RT=7.111,225.16334,7.110767,[M]+,520
521,UnknownID=51|RT=7.121,182.07985,7.120717,[M+H]+,521
522,UnknownID=52|RT=7.137,280.07739,7.137317,[M]+,522
523,UnknownID=53|RT=7.151,345.25372,7.150583,[M+H]+,523
524,UnknownID=54|RT=7.174,295.10263,7.1738,[M+H]+,524
525,UnknownID=56|RT=7.263,281.16489,7.26335,[M+H]+,525
526,UnknownID=57|RT=7.27,128.03204,7.269983,[M+H]+,526
527,UnknownID=58|RT=7.277,152.05211,7.276617,[M+H]+,527
528,UnknownID=61|RT=7.33,58.06532,7.329683,[M]+,528
529,UnknownID=62|RT=7.333,219.08652,7.333,[M+H]+,529
530,UnknownID=64|RT=7.376,239.17821,7.376133,[M-H]+,530
531,UnknownID=65|RT=7.386,191.09163,7.386083,[M+H]+,531
532,UnknownID=66|RT=7.393,60.04464,7.392717,[M-H]+,532
533,UnknownID=68|RT=7.449,103.05733,7.4491,[M-H]+,533
534,UnknownID=69|RT=7.452,205.10716,7.452417,[M+H]+,534
535,UnknownID=70|RT=7.472,228.06692,7.472317,[M-H]+,535
536,UnknownID=71|RT=7.499,154.03175,7.49885,[M+H]+,536
537,UnknownID=72|RT=7.512,219.0864,7.512133,[M+H]+,537
538,UnknownID=73|RT=7.535,219.08662,7.53535,[M+H]+,538
539,UnknownID=74|RT=7.559,219.08662,7.558567,[M+H]+,539
540,UnknownID=75|RT=7.588,219.08655,7.588417,[M+H]+,540
541,UnknownID=76|RT=7.632,184.11244,7.631533,[M-H]+,541
542,UnknownID=77|RT=7.651,206.10149,7.651433,[M]+,542
543,UnknownID=78|RT=7.658,95.08544,7.658067,[M-H]+,543
544,UnknownID=79|RT=7.681,69.06988,7.6813,[M+H]+,544
545,UnknownID=80|RT=7.701,117.03622,7.7012,[M-H]+,545
546,UnknownID=81|RT=7.784,133.0511,7.784117,[M-H]+,546
547,UnknownID=82|RT=7.884,91.05451,7.883633,[M-H]+,547
548,UnknownID=85|RT=7.97,184.0383,7.969867,[M-H]+,548
549,UnknownID=86|RT=7.99,174.09442,7.989767,[M+H]+,549
550,UnknownID=88|RT=8.043,218.10219,8.042833,[M+H]+,550
551,UnknownID=90|RT=8.069,274.05945,8.069384,[M-H]+,551
552,UnknownID=91|RT=8.116,218.10213,8.115817,[M+H]+,552
553,UnknownID=92|RT=8.132,58.07339,8.1324,[M-H]+,553
554,UnknownID=93|RT=8.182,122.10858,8.18215,[M]+,554
555,UnknownID=94|RT=8.229,273.16806,8.2286,[M+H]+,555
556,UnknownID=96|RT=8.295,204.0865,8.294933,[M+H]+,556
557,UnknownID=97|RT=8.315,204.08649,8.314834,[M+H]+,557
558,UnknownID=98|RT=8.355,204.08659,8.354633,[M+H]+,558
559,UnknownID=100|RT=8.384,157.12198,8.3845,[M-H]+,559
560,UnknownID=101|RT=8.401,177.15878,8.401083,[M-H]+,560
561,UnknownID=103|RT=8.457,130.12254,8.457467,[M]+,561
562,UnknownID=104|RT=8.474,218.10242,8.47405,[M+H]+,562
563,UnknownID=105|RT=8.507,188.11003,8.507216,[M+H]+,563
564,UnknownID=106|RT=8.593,220.08124,8.593467,[M+H]+,564
565,UnknownID=108|RT=8.627,285.14002,8.626634,[M]+,565
566,UnknownID=109|RT=8.633,219.0865,8.633266,[M+H]+,566
567,UnknownID=110|RT=8.65,272.07483,8.64985,[M+H]+,567
568,UnknownID=111|RT=8.7,115.06792,8.6996,[M+H]+,568
569,UnknownID=112|RT=8.706,147.11674,8.706233,[M-H]+,569
570,UnknownID=113|RT=8.723,117.0479,8.722816,[M+H]+,570
571,UnknownID=114|RT=8.739,173.10942,8.7394,[M-H]+,571
572,UnknownID=117|RT=8.759,216.15889,8.7593,[M-H]+,572
573,UnknownID=118|RT=8.829,188.10997,8.828967,[M+H]+,573
574,UnknownID=119|RT=8.862,131.08556,8.862133,[M+H]+,574
575,UnknownID=121|RT=8.879,169.05852,8.878716,[M]+,575
576,UnknownID=125|RT=9.041,202.12561,9.04125,[M+H]+,576
577,UnknownID=126|RT=9.051,271.0943,9.0512,[M-H]+,577
578,UnknownID=127|RT=9.088,73.04696,9.087684,[M-H]+,578
579,UnknownID=128|RT=9.104,172.07872,9.104267,[M+H]+,579
580,UnknownID=129|RT=9.118,188.11014,9.117534,[M+H]+,580
581,UnknownID=130|RT=9.124,173.08118,9.124166,[M-H]+,581
582,UnknownID=131|RT=9.137,156.08438,9.13745,[M+H]+,582
583,UnknownID=135|RT=9.303,170.06239,9.303284,[M+H]+,583
584,UnknownID=136|RT=9.406,79.0544,9.406116,[M+H]+,584
585,UnknownID=137|RT=9.409,184.04002,9.409433,[M+H]+,585
586,UnknownID=138|RT=9.476,185.09911,9.475767,[M+H]+,586
587,UnknownID=140|RT=9.539,246.13318,9.5388,[M+H]+,587
588,UnknownID=141|RT=9.572,246.13377,9.571967,[M+H]+,588
589,UnknownID=142|RT=9.599,202.12567,9.5985,[M+H]+,589
590,UnknownID=144|RT=9.642,103.08547,9.641617,[M-H]+,590
591,UnknownID=148|RT=9.761,118.06873,9.761033,[M]+,591
592,UnknownID=149|RT=9.778,284.08804,9.777617,[M+H]+,592
593,UnknownID=150|RT=9.794,189.0864,9.7942,[M+H]+,593
594,UnknownID=151|RT=9.837,329.22607,9.837317,[M-H]+,594
595,UnknownID=153|RT=9.861,220.2121,9.860534,[M-H]+,595
596,UnknownID=154|RT=9.91,160.03995,9.9103,[M]+,596
597,UnknownID=157|RT=9.993,189.08736,9.993217,[M+H]+,597
598,UnknownID=158|RT=9.997,189.08737,9.996533,[M+H]+,598
599,UnknownID=159|RT=10.003,189.08734,10.00317,[M+H]+,599
600,UnknownID=160|RT=10.02,102.07377,10.01975,[M+H]+,600
601,UnknownID=162|RT=10.05,211.14607,10.0496,[M+H]+,601
602,UnknownID=164|RT=10.133,234.0972,10.13253,[M+H]+,602
603,UnknownID=165|RT=10.169,256.06146,10.16902,[M+H]+,603
604,UnknownID=166|RT=10.215,98.09637,10.21545,[M+H]+,604
605,UnknownID=167|RT=10.232,262.14685,10.23203,[M+H]+,605
606,UnknownID=168|RT=10.242,263.14712,10.24198,[M]+,606
607,UnknownID=170|RT=10.312,293.14157,10.31165,[M+H]+,607
608,UnknownID=171|RT=10.322,300.07178,10.3216,[M+H]+,608
609,UnknownID=172|RT=10.335,299.07111,10.33487,[M+H]+,609
610,UnknownID=173|RT=10.345,293.14157,10.34482,[M+H]+,610
611,UnknownID=176|RT=10.368,315.10046,10.36803,[M-H]+,611
612,UnknownID=177|RT=10.61,72.08086,10.61017,[M-H]+,612
613,UnknownID=178|RT=10.627,248.11285,10.62677,[M+H]+,613
614,UnknownID=179|RT=10.683,244.11769,10.68315,[M-H]+,614
615,UnknownID=180|RT=10.69,245.12045,10.68978,[M]+,615
616,UnknownID=181|RT=10.693,244.11777,10.6931,[M+H]+,616
617,UnknownID=182|RT=10.726,193.06754,10.72627,[M+H]+,617
618,UnknownID=183|RT=10.74,107.08635,10.73953,[M-H]+,618
619,UnknownID=185|RT=10.803,276.12619,10.80257,[M+H]+,619
620,UnknownID=186|RT=10.806,276.1264,10.80588,[M-H]+,620
621,UnknownID=187|RT=10.862,219.12244,10.86227,[M-H]+,621
622,UnknownID=188|RT=10.876,247.08125,10.87553,[M+H]+,622
623,UnknownID=189|RT=10.922,306.15274,10.92197,[M]+,623
624,UnknownID=190|RT=11.025,261.09695,11.0248,[M+H]+,624
625,UnknownID=191|RT=11.055,263.12933,11.05465,[M-H]+,625
626,UnknownID=193|RT=11.068,309.12573,11.06792,[M-H]+,626
627,UnknownID=195|RT=11.141,144.06601,11.1409,[M+H]+,627
628,UnknownID=196|RT=11.161,142.04755,11.1608,[M-H]+,628
629,UnknownID=197|RT=11.184,241.08144,11.18402,[M+H]+,629
630,UnknownID=200|RT=11.217,237.12189,11.21718,[M-H]+,630
631,UnknownID=202|RT=11.254,298.10818,11.25367,[M-H]+,631
632,UnknownID=203|RT=11.323,113.02274,11.32332,[M]+,632
633,UnknownID=205|RT=11.449,306.13632,11.44937,[M+H]+,633
634,UnknownID=206|RT=11.456,306.13632,11.456,[M+H]+,634
635,UnknownID=207|RT=11.496,128.06288,11.4958,[M]+,635
636,UnknownID=209|RT=11.556,333.15558,11.55552,[M-H]+,636
637,UnknownID=210|RT=11.585,155.1188,11.58537,[M-H]+,637
638,UnknownID=211|RT=11.685,335.15146,11.68487,[M+H]+,638
639,UnknownID=212|RT=11.745,209.08972,11.74458,[M+H]+,639
640,UnknownID=213|RT=11.758,223.14114,11.75785,[M]+,640
641,UnknownID=214|RT=11.788,304.16086,11.7877,[M+H]+,641
642,UnknownID=216|RT=11.821,277.09204,11.82087,[M+H]+,642
643,UnknownID=217|RT=11.841,357.15967,11.84077,[M-H]+,643
644,UnknownID=218|RT=11.9,103.05675,11.90047,[M+H]+,644
645,UnknownID=220|RT=11.99,219.11607,11.99003,[M]+,645
646,UnknownID=221|RT=12.056,217.08821,12.05637,[M+H]+,646
647,UnknownID=222|RT=12.07,277.08896,12.06963,[M+H]+,647
648,UnknownID=226|RT=12.289,105.07005,12.28855,[M-H]+,648
649,UnknownID=227|RT=12.305,262.09232,12.30513,[M+H]+,649
650,UnknownID=228|RT=12.325,304.13892,12.32503,[M-H]+,650
651,UnknownID=231|RT=12.391,112.11245,12.39138,[M+H]+,651
652,UnknownID=232|RT=12.474,371.17844,12.4743,[M-H]+,652
653,UnknownID=233|RT=12.484,274.12817,12.48425,[M+H]+,653
654,UnknownID=234|RT=12.557,223.10478,12.55723,[M-H]+,654
655,UnknownID=236|RT=12.697,199.11432,12.69655,[M+H]+,655
656,UnknownID=237|RT=12.73,275.1423,12.72972,[M+H]+,656
657,UnknownID=238|RT=12.746,305.16037,12.7463,[M]+,657
658,UnknownID=239|RT=12.866,320.11597,12.8657,[M+H]+,658
659,UnknownID=240|RT=12.896,349.1337,12.89557,[M+H]+,659
660,UnknownID=241|RT=12.978,364.0917,12.97848,[M+H]+,660
661,UnknownID=242|RT=12.985,336.14743,12.98512,[M+H]+,661
662,UnknownID=243|RT=13.085,335.11591,13.08463,[M+H]+,662
663,UnknownID=244|RT=13.181,156.11819,13.18082,[M-H]+,663
664,UnknownID=245|RT=13.201,156.10153,13.20072,[M]+,664
665,UnknownID=247|RT=13.284,186.0582,13.28365,[M+H]+,665
666,UnknownID=248|RT=13.31,245.10168,13.31018,[M-H]+,666
667,UnknownID=249|RT=13.317,261.13324,13.31682,[M]+,667
668,UnknownID=251|RT=13.423,273.13309,13.42297,[M+H]+,668
669,UnknownID=252|RT=13.486,334.13074,13.48598,[M+H]+,669
670,UnknownID=253|RT=13.496,278.10577,13.49593,[M+H]+,670
671,UnknownID=254|RT=13.503,85.10093,13.50257,[M+H]+,671
672,UnknownID=255|RT=13.536,258.09741,13.53573,[M+H]+,672
673,UnknownID=256|RT=13.599,229.21552,13.59877,[M-H]+,673
674,UnknownID=257|RT=13.635,304.1572,13.63525,[M+H]+,674
675,UnknownID=258|RT=13.652,276.10803,13.65183,[M+H]+,675
676,UnknownID=259|RT=13.675,186.09404,13.67505,[M]+,676
677,UnknownID=260|RT=13.695,241.13713,13.69495,[M+H]+,677
678,UnknownID=261|RT=13.741,103.05833,13.74138,[M-H]+,678
679,UnknownID=262|RT=13.778,364.09161,13.77787,[M+H]+,679
680,UnknownID=264|RT=13.874,189.07671,13.87407,[M+H]+,680
681,UnknownID=265|RT=13.894,222.09407,13.89397,[M+H]+,681
682,UnknownID=266|RT=13.927,314.15326,13.92713,[M]+,682
683,UnknownID=267|RT=13.944,365.17606,13.94372,[M]+,683
684,UnknownID=268|RT=13.96,55.05454,13.9603,[M+H]+,684
685,UnknownID=269|RT=13.997,185.11021,13.9968,[M]+,685
686,UnknownID=270|RT=14.083,128.03178,14.08303,[M-H]+,686
687,UnknownID=271|RT=14.103,216.06464,14.10293,[M-H]+,687
688,UnknownID=272|RT=14.139,349.13043,14.13943,[M]+,688
689,UnknownID=273|RT=14.256,288.10773,14.25552,[M+H]+,689
690,UnknownID=274|RT=14.282,347.26553,14.28205,[M+H]+,690
691,UnknownID=275|RT=14.435,317.16049,14.43463,[M+H]+,691
692,UnknownID=277|RT=14.504,159.11494,14.5043,[M-H]+,692
693,UnknownID=279|RT=14.597,53.03883,14.59717,[M+H]+,693
694,UnknownID=280|RT=14.627,349.21402,14.62702,[M-H]+,694
695,UnknownID=281|RT=14.663,348.1477,14.6635,[M+H]+,695
696,UnknownID=282|RT=14.673,329.12891,14.67347,[M+H]+,696
697,UnknownID=283|RT=14.683,348.14743,14.68342,[M+H]+,697
698,UnknownID=284|RT=14.793,294.13361,14.79287,[M+H]+,698
699,UnknownID=285|RT=14.803,318.1727,14.80282,[M+H]+,699
700,UnknownID=287|RT=14.853,423.14984,14.85257,[M+H]+,700
701,UnknownID=288|RT=14.939,281.10184,14.93882,[M+H]+,701
702,UnknownID=289|RT=14.972,245.09474,14.97198,[M-H]+,702
703,UnknownID=290|RT=15.065,263.13464,15.06487,[M-H]+,703
704,UnknownID=291|RT=15.091,333.13712,15.0914,[M]+,704
705,UnknownID=292|RT=15.148,346.168,15.14778,[M+H]+,705
706,UnknownID=293|RT=15.237,245.13747,15.23735,[M]+,706
707,UnknownID=294|RT=15.244,172.07764,15.24398,[M]+,707
708,UnknownID=295|RT=15.254,243.09692,15.25393,[M+H]+,708
709,UnknownID=296|RT=15.267,305.10001,15.2672,[M+H]+,709
710,UnknownID=297|RT=15.294,226.11937,15.29373,[M]+,710
711,UnknownID=298|RT=15.307,262.12912,15.307,[M]+,711
712,UnknownID=300|RT=15.324,452.2121,15.32358,[M+H]+,712
713,UnknownID=301|RT=15.334,275.11023,15.33353,[M-H]+,713
714,UnknownID=302|RT=15.363,361.16705,15.36338,[M+H]+,714
715,UnknownID=303|RT=15.37,401.16965,15.37002,[M+H]+,715
716,UnknownID=304|RT=15.579,387.12195,15.57898,[M+H]+,716
717,UnknownID=305|RT=15.586,388.12476,15.58562,[M]+,717
718,UnknownID=307|RT=15.639,302.1637,15.6387,[M]+,718
719,UnknownID=308|RT=15.645,392.17313,15.64533,[M+H]+,719
720,UnknownID=311|RT=15.771,452.23801,15.77138,[M+H]+,720
721,UnknownID=312|RT=15.798,331.15424,15.79792,[M+H]+,721
722,UnknownID=313|RT=15.814,316.10223,15.8145,[M+H]+,722
723,UnknownID=315|RT=15.861,452.23267,15.86093,[M+H]+,723
724,UnknownID=316|RT=15.871,277.14618,15.87088,[M+H]+,724
725,UnknownID=317|RT=15.884,361.16403,15.88415,[M+H]+,725
726,UnknownID=318|RT=15.931,257.24619,15.93058,[M-H]+,726
727,UnknownID=319|RT=15.941,377.1268,15.94053,[M+H]+,727
728,UnknownID=320|RT=15.947,205.06758,15.94717,[M+H]+,728
729,UnknownID=321|RT=15.997,211.08719,15.99693,[M+H]+,729
730,UnknownID=322|RT=16.017,261.13226,16.01683,[M-H]+,730
731,UnknownID=323|RT=16.05,377.26315,16.05,[M+H]+,731
732,UnknownID=324|RT=16.067,259.11627,16.06658,[M+H]+,732
733,UnknownID=325|RT=16.08,357.11096,16.07985,[M+H]+,733
734,UnknownID=326|RT=16.093,331.15701,16.09312,[M-H]+,734
735,UnknownID=327|RT=16.123,375.10953,16.12297,[M+H]+,735
736,UnknownID=328|RT=16.126,347.21591,16.12628,[M]+,736
737,UnknownID=329|RT=16.136,313.17618,16.13625,[M-H]+,737
738,UnknownID=331|RT=16.166,211.08919,16.1661,[M]+,738
739,UnknownID=332|RT=16.252,445.14746,16.25233,[M+H]+,739
740,UnknownID=333|RT=16.272,511.22006,16.27223,[M+H]+,740
741,UnknownID=334|RT=16.309,285.09659,16.30872,[M+H]+,741
742,UnknownID=335|RT=16.352,331.18475,16.35185,[M+H]+,742
743,UnknownID=336|RT=16.385,511.21951,16.38502,[M+H]+,743
744,UnknownID=337|RT=16.392,348.16605,16.39165,[M-H]+,744
745,UnknownID=338|RT=16.402,377.16257,16.4016,[M-H]+,745
746,UnknownID=339|RT=16.408,347.16242,16.40823,[M-H]+,746
747,UnknownID=340|RT=16.415,359.11606,16.41487,[M+H]+,747
748,UnknownID=341|RT=16.458,347.1507,16.45798,[M-H]+,748
749,UnknownID=342|RT=16.465,347.2175,16.46462,[M+H]+,749
750,UnknownID=343|RT=16.471,259.11606,16.47125,[M]+,750
751,UnknownID=344|RT=16.528,147.06551,16.52765,[M-H]+,751
752,UnknownID=345|RT=16.534,232.11845,16.53428,[M+H]+,752
753,UnknownID=346|RT=16.554,204.05373,16.55418,[M+H]+,753
754,UnknownID=347|RT=16.607,301.16995,16.60725,[M+H]+,754
755,UnknownID=349|RT=16.664,333.19284,16.66363,[M+H]+,755
756,UnknownID=350|RT=16.717,391.21982,16.71672,[M-H]+,756
757,UnknownID=352|RT=16.783,361.16901,16.78305,[M]+,757
758,UnknownID=353|RT=16.786,217.10649,16.78637,[M-H]+,758
759,UnknownID=354|RT=16.8,405.19525,16.79963,[M]+,759
760,UnknownID=355|RT=16.806,421.21164,16.80627,[M-H]+,760
761,UnknownID=356|RT=16.869,393.17966,16.8693,[M-H]+,761
762,UnknownID=357|RT=16.876,59.03122,16.87593,[M-H]+,762
763,UnknownID=358|RT=16.883,437.16242,16.88257,[M-H]+,763
764,UnknownID=359|RT=16.893,405.22281,16.89252,[M+H]+,764
765,UnknownID=360|RT=16.896,391.13779,16.89583,[M-H]+,765
766,UnknownID=363|RT=16.972,449.20096,16.97212,[M+H]+,766
767,UnknownID=365|RT=17.068,524.23981,17.06832,[M]+,767
768,UnknownID=366|RT=17.075,329.14478,17.07495,[M+H]+,768
769,UnknownID=367|RT=17.115,375.24912,17.11475,[M+H]+,769
770,UnknownID=368|RT=17.201,190.08525,17.20098,[M-H]+,770
771,UnknownID=369|RT=17.241,361.16754,17.2408,[M+H]+,771
772,UnknownID=370|RT=17.271,361.16614,17.27065,[M+H]+,772
773,UnknownID=371|RT=17.281,537.23541,17.2806,[M+H]+,773
774,UnknownID=373|RT=17.297,537.23578,17.29718,[M-H]+,774
775,UnknownID=374|RT=17.31,403.11206,17.31045,[M+H]+,775
776,UnknownID=375|RT=17.32,419.19074,17.3204,[M+H]+,776
777,UnknownID=376|RT=17.327,405.17276,17.32703,[M-H]+,777
778,UnknownID=379|RT=17.44,464.21179,17.43982,[M+H]+,778
779,UnknownID=380|RT=17.453,89.04189,17.45308,[M]+,779
780,UnknownID=381|RT=17.46,539.27173,17.45972,[M]+,780
781,UnknownID=382|RT=17.466,527.25226,17.46635,[M-H]+,781
782,UnknownID=383|RT=17.5,95.05903,17.49952,[M-H]+,782
783,UnknownID=384|RT=17.506,89.04244,17.50615,[M-H]+,783
784,UnknownID=385|RT=17.523,133.06787,17.52273,[M-H]+,784
785,UnknownID=386|RT=17.543,345.13611,17.54263,[M+H]+,785
786,UnknownID=387|RT=17.553,173.0858,17.55258,[M+H]+,786
787,UnknownID=388|RT=17.559,129.03679,17.55922,[M+H]+,787
788,UnknownID=389|RT=17.569,554.26215,17.56917,[M-H]+,788
789,UnknownID=390|RT=17.592,313.13913,17.59238,[M+H]+,789
790,UnknownID=391|RT=17.652,117.03677,17.6521,[M+H]+,790
791,UnknownID=392|RT=17.659,133.06793,17.65873,[M-H]+,791
792,UnknownID=393|RT=17.692,405.22272,17.6919,[M+H]+,792
793,UnknownID=394|RT=17.695,259.1185,17.69522,[M]+,793
794,UnknownID=395|RT=17.738,539.2533,17.73833,[M]+,794
795,UnknownID=396|RT=17.752,174.09401,17.7516,[M]+,795
796,UnknownID=397|RT=17.755,89.04191,17.75492,[M-H]+,796
797,UnknownID=398|RT=17.758,319.15735,17.75823,[M]+,797
798,UnknownID=399|RT=17.898,464.21011,17.89755,[M-H]+,798
799,UnknownID=400|RT=17.924,291.12576,17.92408,[M+H]+,799
800,UnknownID=401|RT=17.954,375.1947,17.95393,[M+H]+,800
801,UnknownID=402|RT=17.971,284.12256,17.97053,[M+H]+,801
802,UnknownID=403|RT=17.997,419.2385,17.99707,[M+H]+,802
803,UnknownID=404|RT=18.01,419.23776,18.01033,[M+H]+,803
804,UnknownID=405|RT=18.037,133.01329,18.03687,[M-H]+,804
805,UnknownID=406|RT=18.063,199.16896,18.0634,[M-H]+,805
806,UnknownID=407|RT=18.073,419.21716,18.07335,[M+H]+,806
807,UnknownID=408|RT=18.09,478.18738,18.08993,[M+H]+,807
808,UnknownID=409|RT=18.116,217.10724,18.11647,[M-H]+,808
809,UnknownID=410|RT=18.146,553.28027,18.14633,[M+H]+,809
810,UnknownID=411|RT=18.153,553.27924,18.15297,[M]+,810
811,UnknownID=412|RT=18.163,382.16754,18.16292,[M+H]+,811
812,UnknownID=413|RT=18.199,405.24106,18.1994,[M-H]+,812
813,UnknownID=414|RT=18.216,245.0658,18.21598,[M-H]+,813
814,UnknownID=415|RT=18.252,133.01189,18.25247,[M-H]+,814
815,UnknownID=416|RT=18.299,482.22186,18.2989,[M-H]+,815
816,UnknownID=417|RT=18.309,317.08258,18.30885,[M]+,816
817,UnknownID=419|RT=18.352,419.21683,18.35198,[M+H]+,817
818,UnknownID=420|RT=18.442,433.22498,18.44153,[M+H]+,818
819,UnknownID=421|RT=18.455,433.23279,18.4548,[M+H]+,819
820,UnknownID=422|RT=18.478,466.23218,18.47802,[M+H]+,820
821,UnknownID=423|RT=18.561,419.21497,18.56095,[M+H]+,821
822,UnknownID=424|RT=18.581,389.20813,18.58085,[M-H]+,822
823,UnknownID=425|RT=18.647,433.23471,18.64718,[M+H]+,823
824,UnknownID=426|RT=18.717,523.22076,18.71685,[M+H]+,824
825,UnknownID=427|RT=18.773,267.09644,18.77323,[M+H]+,825
826,UnknownID=428|RT=18.836,613.24585,18.83625,[M-H]+,826
827,UnknownID=429|RT=18.863,479.22342,18.86278,[M+H]+,827
828,UnknownID=430|RT=18.869,480.21741,18.86942,[M]+,828
829,UnknownID=431|RT=18.883,103.05744,18.88268,[M-H]+,829
830,UnknownID=432|RT=18.896,353.12732,18.89595,[M+H]+,830
831,UnknownID=433|RT=18.969,270.09619,18.96893,[M+H]+,831
832,UnknownID=434|RT=18.982,191.09152,18.9822,[M-H]+,832
833,UnknownID=435|RT=19.002,171.11597,19.0021,[M+H]+,833
834,UnknownID=436|RT=19.045,435.19812,19.04522,[M+H]+,834
835,UnknownID=437|RT=19.065,492.27383,19.06512,[M+H]+,835
836,UnknownID=438|RT=19.204,313.25534,19.20443,[M-H]+,836
837,UnknownID=439|RT=19.208,313.25534,19.20775,[M-H]+,837
838,UnknownID=440|RT=19.228,357.31769,19.22765,[M+H]+,838
839,UnknownID=441|RT=19.274,551.27154,19.27408,[M+H]+,839
840,UnknownID=442|RT=19.281,449.21222,19.28072,[M+H]+,840
841,UnknownID=443|RT=19.44,359.13657,19.43993,[M+H]+,841
842,UnknownID=444|RT=19.447,417.20688,19.44657,[M+H]+,842
843,UnknownID=445|RT=19.466,508.25488,19.46647,[M]+,843
844,UnknownID=446|RT=19.47,434.20126,19.46978,[M+H]+,844
845,UnknownID=447|RT=19.553,595.29254,19.55272,[M+H]+,845
846,UnknownID=448|RT=19.599,597.27154,19.59915,[M+H]+,846
847,UnknownID=449|RT=19.646,383.13916,19.64558,[M+H]+,847
848,UnknownID=450|RT=19.659,523.24805,19.65885,[M+H]+,848
849,UnknownID=451|RT=19.665,370.1243,19.66548,[M-H]+,849
850,UnknownID=452|RT=19.689,441.15848,19.6887,[M+H]+,850
851,UnknownID=453|RT=19.745,641.2843,19.74508,[M]+,851
852,UnknownID=454|RT=19.758,231.20958,19.75837,[M+H]+,852
853,UnknownID=456|RT=19.831,372.17636,19.83133,[M]+,853
854,UnknownID=457|RT=19.977,283.26227,19.97728,[M+H]+,854
855,UnknownID=458|RT=20.093,640.29132,20.09337,[M+H]+,855
856,UnknownID=460|RT=20.256,625.32355,20.2559,[M+H]+,856
857,UnknownID=461|RT=20.272,417.16415,20.27248,[M+H]+,857
858,UnknownID=462|RT=20.382,392.15094,20.38195,[M+H]+,858
859,UnknownID=463|RT=20.481,131.05241,20.48147,[M+H]+,859
860,UnknownID=464|RT=20.501,371.20102,20.50137,[M-H]+,860
861,UnknownID=465|RT=20.525,0,20.52458,[M+H]+,861
862,UnknownID=466|RT=20.568,333.14252,20.5677,[M+H]+,862
863,UnknownID=468|RT=20.724,337.25525,20.7236,[M+H]+,863
864,UnknownID=469|RT=20.747,405.1831,20.74682,[M+H]+,864
865,UnknownID=470|RT=20.787,339.27081,20.78662,[M+H]+,865
866,UnknownID=471|RT=20.8,445.15845,20.79988,[M+H]+,866
867,UnknownID=472|RT=20.833,507.21719,20.83305,[M+H]+,867
868,UnknownID=473|RT=20.946,654.34705,20.94583,[M+H]+,868
869,UnknownID=474|RT=20.996,341.28635,20.99558,[M-H]+,869
870,UnknownID=475|RT=21.032,361.16745,21.03207,[M+H]+,870
871,UnknownID=476|RT=21.069,697.38708,21.06857,[M-H]+,871
872,UnknownID=477|RT=21.075,339.17151,21.0752,[M+H]+,872
873,UnknownID=478|RT=21.128,461.17538,21.12827,[M+H]+,873
874,UnknownID=479|RT=21.135,479.1958,21.1349,[M+H]+,874
875,UnknownID=480|RT=21.161,667.32068,21.16143,[M+H]+,875
876,UnknownID=481|RT=21.168,653.30109,21.16807,[M-H]+,876
877,UnknownID=482|RT=21.234,668.34686,21.23442,[M]+,877
878,UnknownID=483|RT=21.351,667.34656,21.3505,[M+H]+,878
879,UnknownID=484|RT=21.387,667.34161,21.387,[M+H]+,879
880,UnknownID=485|RT=21.397,345.13614,21.39695,[M+H]+,880
881,UnknownID=486|RT=21.467,361.16681,21.4666,[M+H]+,881
882,UnknownID=487|RT=21.516,361.16635,21.51635,[M+H]+,882
883,UnknownID=488|RT=21.573,667.34393,21.57273,[M+H]+,883
884,UnknownID=489|RT=21.646,269.22174,21.64572,[M-H]+,884
885,UnknownID=490|RT=21.745,311.29327,21.74522,[M+H]+,885
886,UnknownID=491|RT=21.967,361.17017,21.96745,[M]+,886
887,UnknownID=492|RT=21.984,231.08646,21.98403,[M+H]+,887
888,UnknownID=493|RT=22.024,361.13681,22.02385,[M-H]+,888
889,UnknownID=494|RT=22.05,637.30371,22.05038,[M+H]+,889
890,UnknownID=495|RT=22.276,358.16315,22.27593,[M]+,890
891,UnknownID=496|RT=22.302,444.17374,22.30247,[M+H]+,891
892,UnknownID=497|RT=22.392,739.39038,22.39203,[M+H]+,892
893,UnknownID=498|RT=22.647,430.18304,22.64743,[M-H]+,893
894,UnknownID=499|RT=22.654,517.20428,22.65407,[M+H]+,894
895,UnknownID=500|RT=22.783,468.2598,22.78343,[M+H]+,895
896,UnknownID=501|RT=23.128,303.14081,23.1284,[M+H]+,896
897,UnknownID=502|RT=23.374,339.32596,23.37385,[M+H]+,897
898,UnknownID=504|RT=23.503,459.33188,23.50322,[M-H]+,898
899,UnknownID=505|RT=23.54,289.12967,23.5397,[M-H]+,899
900,UnknownID=506|RT=23.672,259.11893,23.67238,[M+H]+,900
901,UnknownID=509|RT=23.765,403.30737,23.76525,[M]+,901
902,UnknownID=510|RT=23.808,548.29382,23.80837,[M+H]+,902
903,UnknownID=512|RT=24.031,755.34161,24.03062,[M+H]+,903
904,UnknownID=513|RT=24.11,379.17999,24.11022,[M-H]+,904
905,UnknownID=514|RT=24.319,827.38666,24.31918,[M+H]+,905
906,UnknownID=515|RT=24.346,725.2879,24.34572,[M+H]+,906
907,UnknownID=517|RT=24.382,701.32355,24.3822,[M+H]+,907
908,UnknownID=518|RT=24.482,347.14746,24.48172,[M+H]+,908
909,UnknownID=519|RT=24.518,422.20898,24.5182,[M]+,909
910,UnknownID=520|RT=24.525,345.13687,24.52483,[M+H]+,910
911,UnknownID=521|RT=24.531,697.30408,24.53147,[M-H]+,911
912,UnknownID=522|RT=24.641,407.19269,24.64093,[M-H]+,912
913,UnknownID=523|RT=24.87,59.04945,24.8698,[M-H]+,913
914,UnknownID=524|RT=24.893,311.29553,24.89302,[M-H]+,914
915,UnknownID=526|RT=24.92,217.10669,24.91955,[M-H]+,915
916,UnknownID=529|RT=24.996,396.23578,24.99585,[M]+,916
917,UnknownID=530|RT=25.178,345.13809,25.17828,[M+H]+,917
918,UnknownID=531|RT=25.185,335.14841,25.18492,[M-H]+,918
919,UnknownID=533|RT=25.241,392.17795,25.2413,[M+H]+,919
920,UnknownID=534|RT=25.371,346.16956,25.37067,[M+H]+,920
921,UnknownID=535|RT=25.424,419.18402,25.42373,[M+H]+,921
922,UnknownID=536|RT=25.43,361.16705,25.43037,[M+H]+,922
923,UnknownID=537|RT=25.513,394.34518,25.5133,[M+H]+,923
924,UnknownID=538|RT=25.573,420.17108,25.573,[M]+,924
925,UnknownID=539|RT=25.623,319.15726,25.62275,[M-H]+,925
926,UnknownID=540|RT=25.752,361.16705,25.75212,[M-H]+,926
927,UnknownID=542|RT=25.809,511.2421,25.8085,[M-H]+,927
928,UnknownID=544|RT=25.905,231.12116,25.9047,[M]+,928
929,UnknownID=545|RT=26.296,395.38666,26.2961,[M+H]+,929
930,UnknownID=546|RT=26.299,395.3847,26.29942,[M-H]+,930
931,UnknownID=549|RT=26.565,377.0307,26.56477,[M-H]+,931
932,UnknownID=550|RT=26.588,377.13534,26.588,[M+H]+,932
933,UnknownID=553|RT=27.215,355.33127,27.2149,[M-H]+,933
934,UnknownID=554|RT=27.454,317.14233,27.45372,[M-H]+,934
935,UnknownID=555|RT=27.55,334.24979,27.54992,[M]+,935
936,UnknownID=556|RT=27.613,311.29135,27.61293,[M-H]+,936
937,UnknownID=557|RT=27.805,353.31891,27.80532,[M-H]+,937
938,UnknownID=558|RT=28.26,339.26657,28.25975,[M+H]+,938
939,UnknownID=559|RT=28.654,593.38532,28.65447,[M-H]+,939
940,UnknownID=560|RT=28.731,181.10199,28.73077,[M-H]+,940
941,UnknownID=561|RT=28.747,211.14766,28.74735,[M+H]+,941
942,UnknownID=562|RT=28.751,681.41943,28.75067,[M]+,942
943,UnknownID=563|RT=28.787,333.25659,28.78715,[M+H]+,943
944,UnknownID=566|RT=28.853,283.24036,28.85348,[M-H]+,944
945,UnknownID=567|RT=28.857,307.20703,28.8568,[M-H]+,945
946,UnknownID=568|RT=28.913,353.34213,28.9132,[M-H]+,946
947,UnknownID=569|RT=29.049,593.38367,29.04918,[M-H]+,947
948,UnknownID=570|RT=29.089,381.35068,29.089,[M-H]+,948
949,UnknownID=571|RT=29.169,437.20236,29.1686,[M-H]+,949
950,UnknownID=573|RT=29.232,317.1416,29.23162,[M-H]+,950
951,UnknownID=574|RT=30.356,533.35492,30.35607,[M+H]+,951
952,UnknownID=575|RT=30.366,59.04921,30.36602,[M-H]+,952
953,UnknownID=576|RT=30.631,317.14059,30.63138,[M+H]+,953
954,UnknownID=577|RT=31.096,435.17029,31.09575,[M-H]+,954
955,UnknownID=578|RT=31.106,317.13892,31.1057,[M+H]+,955
956,UnknownID=579|RT=31.109,345.13898,31.10902,[M+H]+,956
957,UnknownID=580|RT=31.756,634.39685,31.75582,[M+H]+,957
958,UnknownID=581|RT=31.766,632.39478,31.76577,[M+H]+,958
959,UnknownID=583|RT=31.865,751.47247,31.86528,[M]+,959
960,UnknownID=584|RT=31.879,720.42981,31.87855,[M+H]+,960
961,UnknownID=585|RT=31.885,648.41321,31.88518,[M-H]+,961
962,UnknownID=586|RT=32.111,720.42847,32.11073,[M+H]+,962
963,UnknownID=587|RT=32.117,720.4372,32.11737,[M]+,963
964,UnknownID=588|RT=32.124,692.46436,32.12402,[M-H]+,964
965,UnknownID=589|RT=33.258,541.35791,33.2584,[M]+,965
966,UnknownID=590|RT=33.268,811.47748,33.26835,[M]+,966
967,UnknownID=591|RT=33.275,811.47333,33.27498,[M]+,967
968,UnknownID=592|RT=33.285,0,33.28493,[M]+,968
969,UnknownID=594|RT=33.59,722.44562,33.5901,[M+H]+,969
970,UnknownID=595|RT=35.401,187.15303,35.40117,[M-H]+,970
971,UnknownID=596|RT=35.408,237.16133,35.4078,[M+H]+,971
972,UnknownID=597|RT=35.885,173.13271,35.88545,[M+H]+,972
973,UnknownID=598|RT=35.905,227.17998,35.90535,[M+H]+,973
974,UnknownID=0|RT=5.887,247.14488,5.886817,[M-H]+,974
975,UnknownID=1|RT=5.893,176.09222,5.89345,[M]+,975
976,UnknownID=2|RT=5.91,86.04232,5.910033,[M-H]+,976
977,UnknownID=3|RT=5.976,176.28847,5.976367,[M]+,977
978,UnknownID=4|RT=6.019,102.03707,6.019484,[M+H]+,978
979,UnknownID=6|RT=6.232,176.09224,6.231767,[M]+,979
980,UnknownID=9|RT=6.305,219.17206,6.30475,[M]+,980
981,UnknownID=10|RT=6.308,190.14403,6.308067,[M]+,981
982,UnknownID=11|RT=6.325,204.08562,6.32465,[M+H]+,982
983,UnknownID=12|RT=6.351,258.05817,6.351183,[M+H]+,983
984,UnknownID=13|RT=6.358,302.11917,6.357817,[M-H]+,984
985,UnknownID=14|RT=6.378,174.1129,6.377717,[M-H]+,985
986,UnknownID=16|RT=6.404,172.09666,6.40425,[M+H]+,986
987,UnknownID=17|RT=6.411,171.07677,6.410883,[M+H]+,987
988,UnknownID=18|RT=6.434,219.10416,6.434117,[M]+,988
989,UnknownID=19|RT=6.454,158.13602,6.454017,[M-H]+,989
990,UnknownID=21|RT=6.477,205.12734,6.477233,[M+H]+,990
991,UnknownID=22|RT=6.514,160.13188,6.513717,[M-H]+,991
992,UnknownID=23|RT=6.544,160.12997,6.543567,[M-H]+,992
993,UnknownID=24|RT=6.557,278.15335,6.556833,[M-H]+,993
994,UnknownID=26|RT=6.587,172.15163,6.586683,[M]+,994
995,UnknownID=27|RT=6.603,175.04211,6.603267,[M-H]+,995
996,UnknownID=28|RT=6.627,159.08353,6.6265,[M+H]+,996
997,UnknownID=31|RT=6.676,214.092,6.67625,[M+H]+,997
998,UnknownID=32|RT=6.726,214.05046,6.726,[M]+,998
999,UnknownID=34|RT=6.753,221.08894,6.752533,[M-H]+,999
1000,UnknownID=36|RT=6.792,225.10324,6.792333,[M+H]+,1000
1001,UnknownID=40|RT=6.839,160.0428,6.838783,[M-H]+,1001
1002,UnknownID=41|RT=6.845,173.11647,6.845417,[M+H]+,1002
1003,UnknownID=42|RT=6.852,172.11496,6.85205,[M+H]+,1003
1004,UnknownID=43|RT=6.865,83.08567,6.865317,[M+H]+,1004
1005,UnknownID=44|RT=6.882,225.09769,6.8819,[M-H]+,1005
1006,UnknownID=49|RT=7.078,97.10093,7.0776,[M-H]+,1006
1007,UnknownID=50|RT=7.111,225.16334,7.110767,[M]+,1007
1008,UnknownID=51|RT=7.121,182.07985,7.120717,[M+H]+,1008
1009,UnknownID=52|RT=7.137,280.07739,7.137317,[M]+,1009
1010,UnknownID=53|RT=7.151,345.25372,7.150583,[M+H]+,1010
1011,UnknownID=54|RT=7.174,295.10263,7.1738,[M+H]+,1011
1012,UnknownID=56|RT=7.263,281.16489,7.26335,[M+H]+,1012
1013,UnknownID=57|RT=7.27,128.03204,7.269983,[M+H]+,1013
1014,UnknownID=58|RT=7.277,152.05211,7.276617,[M+H]+,1014
1015,UnknownID=61|RT=7.33,58.06532,7.329683,[M]+,1015
1016,UnknownID=62|RT=7.333,219.08652,7.333,[M+H]+,1016
1017,UnknownID=64|RT=7.376,239.17821,7.376133,[M-H]+,1017
1018,UnknownID=65|RT=7.386,191.09163,7.386083,[M+H]+,1018
1019,UnknownID=66|RT=7.393,60.04464,7.392717,[M-H]+,1019
1020,UnknownID=68|RT=7.449,103.05733,7.4491,[M-H]+,1020
1021,UnknownID=69|RT=7.452,205.10716,7.452417,[M+H]+,1021
1022,UnknownID=70|RT=7.472,228.06692,7.472317,[M-H]+,1022
1023,UnknownID=71|RT=7.499,154.03175,7.49885,[M+H]+,1023
1024,UnknownID=72|RT=7.512,219.0864,7.512133,[M+H]+,1024
1025,UnknownID=73|RT=7.535,219.08662,7.53535,[M+H]+,1025
1026,UnknownID=74|RT=7.559,219.08662,7.558567,[M+H]+,1026
1027,UnknownID=75|RT=7.588,219.08655,7.588417,[M+H]+,1027
1028,UnknownID=76|RT=7.632,184.11244,7.631533,[M-H]+,1028
1029,UnknownID=77|RT=7.651,206.10149,7.651433,[M]+,1029
1030,UnknownID=78|RT=7.658,95.08544,7.658067,[M-H]+,1030
1031,UnknownID=79|RT=7.681,69.06988,7.6813,[M+H]+,1031
1032,UnknownID=80|RT=7.701,117.03622,7.7012,[M-H]+,1032
1033,UnknownID=81|RT=7.784,133.0511,7.784117,[M-H]+,1033
1034,UnknownID=82|RT=7.884,91.05451,7.883633,[M-H]+,1034
1035,UnknownID=85|RT=7.97,184.0383,7.969867,[M-H]+,1035
1036,UnknownID=86|RT=7.99,174.09442,7.989767,[M+H]+,1036
1037,UnknownID=88|RT=8.043,218.10219,8.042833,[M+H]+,1037
1038,UnknownID=90|RT=8.069,274.05945,8.069384,[M-H]+,1038
1039,UnknownID=91|RT=8.116,218.10213,8.115817,[M+H]+,1039
1040,UnknownID=92|RT=8.132,58.07339,8.1324,[M-H]+,1040
1041,UnknownID=93|RT=8.182,122.10858,8.18215,[M]+,1041
1042,UnknownID=94|RT=8.229,273.16806,8.2286,[M+H]+,1042
1043,UnknownID=96|RT=8.295,204.0865,8.294933,[M+H]+,1043
1044,UnknownID=97|RT=8.315,204.08649,8.314834,[M+H]+,1044
1045,UnknownID=98|RT=8.355,204.08659,8.354633,[M+H]+,1045
1046,UnknownID=100|RT=8.384,157.12198,8.3845,[M-H]+,1046
1047,UnknownID=101|RT=8.401,177.15878,8.401083,[M-H]+,1047
1048,UnknownID=103|RT=8.457,130.12254,8.457467,[M]+,1048
1049,UnknownID=104|RT=8.474,218.10242,8.47405,[M+H]+,1049
1050,UnknownID=105|RT=8.507,188.11003,8.507216,[M+H]+,1050
1051,UnknownID=106|RT=8.593,220.08124,8.593467,[M+H]+,1051
1052,UnknownID=108|RT=8.627,285.14002,8.626634,[M]+,1052
1053,UnknownID=109|RT=8.633,219.0865,8.633266,[M+H]+,1053
1054,UnknownID=110|RT=8.65,272.07483,8.64985,[M+H]+,1054
1055,UnknownID=111|RT=8.7,115.06792,8.6996,[M+H]+,1055
1056,UnknownID=112|RT=8.706,147.11674,8.706233,[M-H]+,1056
1057,UnknownID=113|RT=8.723,117.0479,8.722816,[M+H]+,1057
1058,UnknownID=114|RT=8.739,173.10942,8.7394,[M-H]+,1058
1059,UnknownID=117|RT=8.759,216.15889,8.7593,[M-H]+,1059
1060,UnknownID=118|RT=8.829,188.10997,8.828967,[M+H]+,1060
1061,UnknownID=119|RT=8.862,131.08556,8.862133,[M+H]+,1061
1062,UnknownID=121|RT=8.879,169.05852,8.878716,[M]+,1062
1063,UnknownID=125|RT=9.041,202.12561,9.04125,[M+H]+,1063
1064,UnknownID=126|RT=9.051,271.0943,9.0512,[M-H]+,1064
1065,UnknownID=127|RT=9.088,73.04696,9.087684,[M-H]+,1065
1066,UnknownID=128|RT=9.104,172.07872,9.104267,[M+H]+,1066
1067,UnknownID=129|RT=9.118,188.11014,9.117534,[M+H]+,1067
1068,UnknownID=130|RT=9.124,173.08118,9.124166,[M-H]+,1068
1069,UnknownID=131|RT=9.137,156.08438,9.13745,[M+H]+,1069
1070,UnknownID=135|RT=9.303,170.06239,9.303284,[M+H]+,1070
1071,UnknownID=136|RT=9.406,79.0544,9.406116,[M+H]+,1071
1072,UnknownID=137|RT=9.409,184.04002,9.409433,[M+H]+,1072
1073,UnknownID=138|RT=9.476,185.09911,9.475767,[M+H]+,1073
1074,UnknownID=140|RT=9.539,246.13318,9.5388,[M+H]+,1074
1075,UnknownID=141|RT=9.572,246.13377,9.571967,[M+H]+,1075
1076,UnknownID=142|RT=9.599,202.12567,9.5985,[M+H]+,1076
1077,UnknownID=144|RT=9.642,103.08547,9.641617,[M-H]+,1077
1078,UnknownID=148|RT=9.761,118.06873,9.761033,[M]+,1078
1079,UnknownID=149|RT=9.778,284.08804,9.777617,[M+H]+,1079
1080,UnknownID=150|RT=9.794,189.0864,9.7942,[M+H]+,1080
1081,UnknownID=151|RT=9.837,329.22607,9.837317,[M-H]+,1081
1082,UnknownID=153|RT=9.861,220.2121,9.860534,[M-H]+,1082
1083,UnknownID=154|RT=9.91,160.03995,9.9103,[M]+,1083
1084,UnknownID=157|RT=9.993,189.08736,9.993217,[M+H]+,1084
1085,UnknownID=158|RT=9.997,189.08737,9.996533,[M+H]+,1085
1086,UnknownID=159|RT=10.003,189.08734,10.00317,[M+H]+,1086
1087,UnknownID=160|RT=10.02,102.07377,10.01975,[M+H]+,1087
1088,UnknownID=162|RT=10.05,211.14607,10.0496,[M+H]+,1088
1089,UnknownID=164|RT=10.133,234.0972,10.13253,[M+H]+,1089
1090,UnknownID=165|RT=10.169,256.06146,10.16902,[M+H]+,1090
1091,UnknownID=166|RT=10.215,98.09637,10.21545,[M+H]+,1091
1092,UnknownID=167|RT=10.232,262.14685,10.23203,[M+H]+,1092
1093,UnknownID=168|RT=10.242,263.14712,10.24198,[M]+,1093
1094,UnknownID=170|RT=10.312,293.14157,10.31165,[M+H]+,1094
1095,UnknownID=171|RT=10.322,300.07178,10.3216,[M+H]+,1095
1096,UnknownID=172|RT=10.335,299.07111,10.33487,[M+H]+,1096
1097,UnknownID=173|RT=10.345,293.14157,10.34482,[M+H]+,1097
1098,UnknownID=176|RT=10.368,315.10046,10.36803,[M-H]+,1098
1099,UnknownID=177|RT=10.61,72.08086,10.61017,[M-H]+,1099
1100,UnknownID=178|RT=10.627,248.11285,10.62677,[M+H]+,1100
1101,UnknownID=179|RT=10.683,244.11769,10.68315,[M-H]+,1101
1102,UnknownID=180|RT=10.69,245.12045,10.68978,[M]+,1102
1103,UnknownID=181|RT=10.693,244.11777,10.6931,[M+H]+,1103
1104,UnknownID=182|RT=10.726,193.06754,10.72627,[M+H]+,1104
1105,UnknownID=183|RT=10.74,107.08635,10.73953,[M-H]+,1105
1106,UnknownID=185|RT=10.803,276.12619,10.80257,[M+H]+,1106
1107,UnknownID=186|RT=10.806,276.1264,10.80588,[M-H]+,1107
1108,UnknownID=187|RT=10.862,219.12244,10.86227,[M-H]+,1108
1109,UnknownID=188|RT=10.876,247.08125,10.87553,[M+H]+,1109
1110,UnknownID=189|RT=10.922,306.15274,10.92197,[M]+,1110
1111,UnknownID=190|RT=11.025,261.09695,11.0248,[M+H]+,1111
1112,UnknownID=191|RT=11.055,263.12933,11.05465,[M-H]+,1112
1113,UnknownID=193|RT=11.068,309.12573,11.06792,[M-H]+,1113
1114,UnknownID=195|RT=11.141,144.06601,11.1409,[M+H]+,1114
1115,UnknownID=196|RT=11.161,142.04755,11.1608,[M-H]+,1115
1116,UnknownID=197|RT=11.184,241.08144,11.18402,[M+H]+,1116
1117,UnknownID=200|RT=11.217,237.12189,11.21718,[M-H]+,1117
1118,UnknownID=202|RT=11.254,298.10818,11.25367,[M-H]+,1118
1119,UnknownID=203|RT=11.323,113.02274,11.32332,[M]+,1119
1120,UnknownID=205|RT=11.449,306.13632,11.44937,[M+H]+,1120
1121,UnknownID=206|RT=11.456,306.13632,11.456,[M+H]+,1121
1122,UnknownID=207|RT=11.496,128.06288,11.4958,[M]+,1122
1123,UnknownID=209|RT=11.556,333.15558,11.55552,[M-H]+,1123
1124,UnknownID=210|RT=11.585,155.1188,11.58537,[M-H]+,1124
1125,UnknownID=211|RT=11.685,335.15146,11.68487,[M+H]+,1125
1126,UnknownID=212|RT=11.745,209.08972,11.74458,[M+H]+,1126
1127,UnknownID=213|RT=11.758,223.14114,11.75785,[M]+,1127
1128,UnknownID=214|RT=11.788,304.16086,11.7877,[M+H]+,1128
1129,UnknownID=216|RT=11.821,277.09204,11.82087,[M+H]+,1129
1130,UnknownID=217|RT=11.841,357.15967,11.84077,[M-H]+,1130
1131,UnknownID=218|RT=11.9,103.05675,11.90047,[M+H]+,1131
1132,UnknownID=220|RT=11.99,219.11607,11.99003,[M]+,1132
1133,UnknownID=221|RT=12.056,217.08821,12.05637,[M+H]+,1133
1134,UnknownID=222|RT=12.07,277.08896,12.06963,[M+H]+,1134
1135,UnknownID=226|RT=12.289,105.07005,12.28855,[M-H]+,1135
1136,UnknownID=227|RT=12.305,262.09232,12.30513,[M+H]+,1136
1137,UnknownID=228|RT=12.325,304.13892,12.32503,[M-H]+,1137
1138,UnknownID=231|RT=12.391,112.11245,12.39138,[M+H]+,1138
1139,UnknownID=232|RT=12.474,371.17844,12.4743,[M-H]+,1139
1140,UnknownID=233|RT=12.484,274.12817,12.48425,[M+H]+,1140
1141,UnknownID=234|RT=12.557,223.10478,12.55723,[M-H]+,1141
1142,UnknownID=236|RT=12.697,199.11432,12.69655,[M+H]+,1142
1143,UnknownID=237|RT=12.73,275.1423,12.72972,[M+H]+,1143
1144,UnknownID=238|RT=12.746,305.16037,12.7463,[M]+,1144
1145,UnknownID=239|RT=12.866,320.11597,12.8657,[M+H]+,1145
1146,UnknownID=240|RT=12.896,349.1337,12.89557,[M+H]+,1146
1147,UnknownID=241|RT=12.978,364.0917,12.97848,[M+H]+,1147
1148,UnknownID=242|RT=12.985,336.14743,12.98512,[M+H]+,1148
1149,UnknownID=243|RT=13.085,335.11591,13.08463,[M+H]+,1149
1150,UnknownID=244|RT=13.181,156.11819,13.18082,[M-H]+,1150
1151,UnknownID=245|RT=13.201,156.10153,13.20072,[M]+,1151
1152,UnknownID=247|RT=13.284,186.0582,13.28365,[M+H]+,1152
1153,UnknownID=248|RT=13.31,245.10168,13.31018,[M-H]+,1153
1154,UnknownID=249|RT=13.317,261.13324,13.31682,[M]+,1154
1155,UnknownID=251|RT=13.423,273.13309,13.42297,[M+H]+,1155
1156,UnknownID=252|RT=13.486,334.13074,13.48598,[M+H]+,1156
1157,UnknownID=253|RT=13.496,278.10577,13.49593,[M+H]+,1157
1158,UnknownID=254|RT=13.503,85.10093,13.50257,[M+H]+,1158
1159,UnknownID=255|RT=13.536,258.09741,13.53573,[M+H]+,1159
1160,UnknownID=256|RT=13.599,229.21552,13.59877,[M-H]+,1160
1161,UnknownID=257|RT=13.635,304.1572,13.63525,[M+H]+,1161
1162,UnknownID=258|RT=13.652,276.10803,13.65183,[M+H]+,1162
1163,UnknownID=259|RT=13.675,186.09404,13.67505,[M]+,1163
1164,UnknownID=260|RT=13.695,241.13713,13.69495,[M+H]+,1164
1165,UnknownID=261|RT=13.741,103.05833,13.74138,[M-H]+,1165
1166,UnknownID=262|RT=13.778,364.09161,13.77787,[M+H]+,1166
1167,UnknownID=264|RT=13.874,189.07671,13.87407,[M+H]+,1167
1168,UnknownID=265|RT=13.894,222.09407,13.89397,[M+H]+,1168
1169,UnknownID=266|RT=13.927,314.15326,13.92713,[M]+,1169
1170,UnknownID=267|RT=13.944,365.17606,13.94372,[M]+,1170
1171,UnknownID=268|RT=13.96,55.05454,13.9603,[M+H]+,1171
1172,UnknownID=269|RT=13.997,185.11021,13.9968,[M]+,1172
1173,UnknownID=270|RT=14.083,128.03178,14.08303,[M-H]+,1173
1174,UnknownID=271|RT=14.103,216.06464,14.10293,[M-H]+,1174
1175,UnknownID=272|RT=14.139,349.13043,14.13943,[M]+,1175
1176,UnknownID=273|RT=14.256,288.10773,14.25552,[M+H]+,1176
1177,UnknownID=274|RT=14.282,347.26553,14.28205,[M+H]+,1177
1178,UnknownID=275|RT=14.435,317.16049,14.43463,[M+H]+,1178
1179,UnknownID=277|RT=14.504,159.11494,14.5043,[M-H]+,1179
1180,UnknownID=279|RT=14.597,53.03883,14.59717,[M+H]+,1180
1181,UnknownID=280|RT=14.627,349.21402,14.62702,[M-H]+,1181
1182,UnknownID=281|RT=14.663,348.1477,14.6635,[M+H]+,1182
1183,UnknownID=282|RT=14.673,329.12891,14.67347,[M+H]+,1183
1184,UnknownID=283|RT=14.683,348.14743,14.68342,[M+H]+,1184
1185,UnknownID=284|RT=14.793,294.13361,14.79287,[M+H]+,1185
1186,UnknownID=285|RT=14.803,318.1727,14.80282,[M+H]+,1186
1187,UnknownID=287|RT=14.853,423.14984,14.85257,[M+H]+,1187
1188,UnknownID=288|RT=14.939,281.10184,14.93882,[M+H]+,1188
1189,UnknownID=289|RT=14.972,245.09474,14.97198,[M-H]+,1189
1190,UnknownID=290|RT=15.065,263.13464,15.06487,[M-H]+,1190
1191,UnknownID=291|RT=15.091,333.13712,15.0914,[M]+,1191
1192,UnknownID=292|RT=15.148,346.168,15.14778,[M+H]+,1192
1193,UnknownID=293|RT=15.237,245.13747,15.23735,[M]+,1193
1194,UnknownID=294|RT=15.244,172.07764,15.24398,[M]+,1194
1195,UnknownID=295|RT=15.254,243.09692,15.25393,[M+H]+,1195
1196,UnknownID=296|RT=15.267,305.10001,15.2672,[M+H]+,1196
1197,UnknownID=297|RT=15.294,226.11937,15.29373,[M]+,1197
1198,UnknownID=298|RT=15.307,262.12912,15.307,[M]+,1198
1199,UnknownID=300|RT=15.324,452.2121,15.32358,[M+H]+,1199
1200,UnknownID=301|RT=15.334,275.11023,15.33353,[M-H]+,1200
1201,UnknownID=302|RT=15.363,361.16705,15.36338,[M+H]+,1201
1202,UnknownID=303|RT=15.37,401.16965,15.37002,[M+H]+,1202
1203,UnknownID=304|RT=15.579,387.12195,15.57898,[M+H]+,1203
1204,UnknownID=305|RT=15.586,388.12476,15.58562,[M]+,1204
1205,UnknownID=307|RT=15.639,302.1637,15.6387,[M]+,1205
1206,UnknownID=308|RT=15.645,392.17313,15.64533,[M+H]+,1206
1207,UnknownID=311|RT=15.771,452.23801,15.77138,[M+H]+,1207
1208,UnknownID=312|RT=15.798,331.15424,15.79792,[M+H]+,1208
1209,UnknownID=313|RT=15.814,316.10223,15.8145,[M+H]+,1209
1210,UnknownID=315|RT=15.861,452.23267,15.86093,[M+H]+,1210
1211,UnknownID=316|RT=15.871,277.14618,15.87088,[M+H]+,1211
1212,UnknownID=317|RT=15.884,361.16403,15.88415,[M+H]+,1212
1213,UnknownID=318|RT=15.931,257.24619,15.93058,[M-H]+,1213
1214,UnknownID=319|RT=15.941,377.1268,15.94053,[M+H]+,1214
1215,UnknownID=320|RT=15.947,205.06758,15.94717,[M+H]+,1215
1216,UnknownID=321|RT=15.997,211.08719,15.99693,[M+H]+,1216
1217,UnknownID=322|RT=16.017,261.13226,16.01683,[M-H]+,1217
1218,UnknownID=323|RT=16.05,377.26315,16.05,[M+H]+,1218
1219,UnknownID=324|RT=16.067,259.11627,16.06658,[M+H]+,1219
1220,UnknownID=325|RT=16.08,357.11096,16.07985,[M+H]+,1220
1221,UnknownID=326|RT=16.093,331.15701,16.09312,[M-H]+,1221
1222,UnknownID=327|RT=16.123,375.10953,16.12297,[M+H]+,1222
1223,UnknownID=328|RT=16.126,347.21591,16.12628,[M]+,1223
1224,UnknownID=329|RT=16.136,313.17618,16.13625,[M-H]+,1224
1225,UnknownID=331|RT=16.166,211.08919,16.1661,[M]+,1225
1226,UnknownID=332|RT=16.252,445.14746,16.25233,[M+H]+,1226
1227,UnknownID=333|RT=16.272,511.22006,16.27223,[M+H]+,1227
1228,UnknownID=334|RT=16.309,285.09659,16.30872,[M+H]+,1228
1229,UnknownID=335|RT=16.352,331.18475,16.35185,[M+H]+,1229
1230,UnknownID=336|RT=16.385,511.21951,16.38502,[M+H]+,1230
1231,UnknownID=337|RT=16.392,348.16605,16.39165,[M-H]+,1231
1232,UnknownID=338|RT=16.402,377.16257,16.4016,[M-H]+,1232
1233,UnknownID=339|RT=16.408,347.16242,16.40823,[M-H]+,1233
1234,UnknownID=340|RT=16.415,359.11606,16.41487,[M+H]+,1234
1235,UnknownID=341|RT=16.458,347.1507,16.45798,[M-H]+,1235
1236,UnknownID=342|RT=16.465,347.2175,16.46462,[M+H]+,1236
1237,UnknownID=343|RT=16.471,259.11606,16.47125,[M]+,1237
1238,UnknownID=344|RT=16.528,147.06551,16.52765,[M-H]+,1238
1239,UnknownID=345|RT=16.534,232.11845,16.53428,[M+H]+,1239
1240,UnknownID=346|RT=16.554,204.05373,16.55418,[M+H]+,1240
1241,UnknownID=347|RT=16.607,301.16995,16.60725,[M+H]+,1241
1242,UnknownID=349|RT=16.664,333.19284,16.66363,[M+H]+,1242
1243,UnknownID=350|RT=16.717,391.21982,16.71672,[M-H]+,1243
1244,UnknownID=352|RT=16.783,361.16901,16.78305,[M]+,1244
1245,UnknownID=353|RT=16.786,217.10649,16.78637,[M-H]+,1245
1246,UnknownID=354|RT=16.8,405.19525,16.79963,[M]+,1246
1247,UnknownID=355|RT=16.806,421.21164,16.80627,[M-H]+,1247
1248,UnknownID=356|RT=16.869,393.17966,16.8693,[M-H]+,1248
1249,UnknownID=357|RT=16.876,59.03122,16.87593,[M-H]+,1249
1250,UnknownID=358|RT=16.883,437.16242,16.88257,[M-H]+,1250
1251,UnknownID=359|RT=16.893,405.22281,16.89252,[M+H]+,1251
1252,UnknownID=360|RT=16.896,391.13779,16.89583,[M-H]+,1252
1253,UnknownID=363|RT=16.972,449.20096,16.97212,[M+H]+,1253
1254,UnknownID=365|RT=17.068,524.23981,17.06832,[M]+,1254
1255,UnknownID=366|RT=17.075,329.14478,17.07495,[M+H]+,1255
1256,UnknownID=367|RT=17.115,375.24912,17.11475,[M+H]+,1256
1257,UnknownID=368|RT=17.201,190.08525,17.20098,[M-H]+,1257
1258,UnknownID=369|RT=17.241,361.16754,17.2408,[M+H]+,1258
1259,UnknownID=370|RT=17.271,361.16614,17.27065,[M+H]+,1259
1260,UnknownID=371|RT=17.281,537.23541,17.2806,[M+H]+,1260
1261,UnknownID=373|RT=17.297,537.23578,17.29718,[M-H]+,1261
1262,UnknownID=374|RT=17.31,403.11206,17.31045,[M+H]+,1262
1263,UnknownID=375|RT=17.32,419.19074,17.3204,[M+H]+,1263
1264,UnknownID=376|RT=17.327,405.17276,17.32703,[M-H]+,1264
1265,UnknownID=379|RT=17.44,464.21179,17.43982,[M+H]+,1265
1266,UnknownID=380|RT=17.453,89.04189,17.45308,[M]+,1266
1267,UnknownID=381|RT=17.46,539.27173,17.45972,[M]+,1267
1268,UnknownID=382|RT=17.466,527.25226,17.46635,[M-H]+,1268
1269,UnknownID=383|RT=17.5,95.05903,17.49952,[M-H]+,1269
1270,UnknownID=384|RT=17.506,89.04244,17.50615,[M-H]+,1270
1271,UnknownID=385|RT=17.523,133.06787,17.52273,[M-H]+,1271
1272,UnknownID=386|RT=17.543,345.13611,17.54263,[M+H]+,1272
1273,UnknownID=387|RT=17.553,173.0858,17.55258,[M+H]+,1273
1274,UnknownID=388|RT=17.559,129.03679,17.55922,[M+H]+,1274
1275,UnknownID=389|RT=17.569,554.26215,17.56917,[M-H]+,1275
1276,UnknownID=390|RT=17.592,313.13913,17.59238,[M+H]+,1276
1277,UnknownID=391|RT=17.652,117.03677,17.6521,[M+H]+,1277
1278,UnknownID=392|RT=17.659,133.06793,17.65873,[M-H]+,1278
1279,UnknownID=393|RT=17.692,405.22272,17.6919,[M+H]+,1279
1280,UnknownID=394|RT=17.695,259.1185,17.69522,[M]+,1280
1281,UnknownID=395|RT=17.738,539.2533,17.73833,[M]+,1281
1282,UnknownID=396|RT=17.752,174.09401,17.7516,[M]+,1282
1283,UnknownID=397|RT=17.755,89.04191,17.75492,[M-H]+,1283
1284,UnknownID=398|RT=17.758,319.15735,17.75823,[M]+,1284
1285,UnknownID=399|RT=17.898,464.21011,17.89755,[M-H]+,1285
1286,UnknownID=400|RT=17.924,291.12576,17.92408,[M+H]+,1286
1287,UnknownID=401|RT=17.954,375.1947,17.95393,[M+H]+,1287
1288,UnknownID=402|RT=17.971,284.12256,17.97053,[M+H]+,1288
1289,UnknownID=403|RT=17.997,419.2385,17.99707,[M+H]+,1289
1290,UnknownID=404|RT=18.01,419.23776,18.01033,[M+H]+,1290
1291,UnknownID=405|RT=18.037,133.01329,18.03687,[M-H]+,1291
1292,UnknownID=406|RT=18.063,199.16896,18.0634,[M-H]+,1292
1293,UnknownID=407|RT=18.073,419.21716,18.07335,[M+H]+,1293
1294,UnknownID=408|RT=18.09,478.18738,18.08993,[M+H]+,1294
1295,UnknownID=409|RT=18.116,217.10724,18.11647,[M-H]+,1295
1296,UnknownID=410|RT=18.146,553.28027,18.14633,[M+H]+,1296
1297,UnknownID=411|RT=18.153,553.27924,18.15297,[M]+,1297
1298,UnknownID=412|RT=18.163,382.16754,18.16292,[M+H]+,1298
1299,UnknownID=413|RT=18.199,405.24106,18.1994,[M-H]+,1299
1300,UnknownID=414|RT=18.216,245.0658,18.21598,[M-H]+,1300
1301,UnknownID=415|RT=18.252,133.01189,18.25247,[M-H]+,1301
1302,UnknownID=416|RT=18.299,482.22186,18.2989,[M-H]+,1302
1303,UnknownID=417|RT=18.309,317.08258,18.30885,[M]+,1303
1304,UnknownID=419|RT=18.352,419.21683,18.35198,[M+H]+,1304
1305,UnknownID=420|RT=18.442,433.22498,18.44153,[M+H]+,1305
1306,UnknownID=421|RT=18.455,433.23279,18.4548,[M+H]+,1306
1307,UnknownID=422|RT=18.478,466.23218,18.47802,[M+H]+,1307
1308,UnknownID=423|RT=18.561,419.21497,18.56095,[M+H]+,1308
1309,UnknownID=424|RT=18.581,389.20813,18.58085,[M-H]+,1309
1310,UnknownID=425|RT=18.647,433.23471,18.64718,[M+H]+,1310
1311,UnknownID=426|RT=18.717,523.22076,18.71685,[M+H]+,1311
1312,UnknownID=427|RT=18.773,267.09644,18.77323,[M+H]+,1312
1313,UnknownID=428|RT=18.836,613.24585,18.83625,[M-H]+,1313
1314,UnknownID=429|RT=18.863,479.22342,18.86278,[M+H]+,1314
1315,UnknownID=430|RT=18.869,480.21741,18.86942,[M]+,1315
1316,UnknownID=431|RT=18.883,103.05744,18.88268,[M-H]+,1316
1317,UnknownID=432|RT=18.896,353.12732,18.89595,[M+H]+,1317
1318,UnknownID=433|RT=18.969,270.09619,18.96893,[M+H]+,1318
1319,UnknownID=434|RT=18.982,191.09152,18.9822,[M-H]+,1319
1320,UnknownID=435|RT=19.002,171.11597,19.0021,[M+H]+,1320
1321,UnknownID=436|RT=19.045,435.19812,19.04522,[M+H]+,1321
1322,UnknownID=437|RT=19.065,492.27383,19.06512,[M+H]+,1322
1323,UnknownID=438|RT=19.204,313.25534,19.20443,[M-H]+,1323
1324,UnknownID=439|RT=19.208,313.25534,19.20775,[M-H]+,1324
1325,UnknownID=440|RT=19.228,357.31769,19.22765,[M+H]+,1325
1326,UnknownID=441|RT=19.274,551.27154,19.27408,[M+H]+,1326
1327,UnknownID=442|RT=19.281,449.21222,19.28072,[M+H]+,1327
1328,UnknownID=443|RT=19.44,359.13657,19.43993,[M+H]+,1328
1329,UnknownID=444|RT=19.447,417.20688,19.44657,[M+H]+,1329
1330,UnknownID=445|RT=19.466,508.25488,19.46647,[M]+,1330
1331,UnknownID=446|RT=19.47,434.20126,19.46978,[M+H]+,1331
1332,UnknownID=447|RT=19.553,595.29254,19.55272,[M+H]+,1332
1333,UnknownID=448|RT=19.599,597.27154,19.59915,[M+H]+,1333
1334,UnknownID=449|RT=19.646,383.13916,19.64558,[M+H]+,1334
1335,UnknownID=450|RT=19.659,523.24805,19.65885,[M+H]+,1335
1336,UnknownID=451|RT=19.665,370.1243,19.66548,[M-H]+,1336
1337,UnknownID=452|RT=19.689,441.15848,19.6887,[M+H]+,1337
1338,UnknownID=453|RT=19.745,641.2843,19.74508,[M]+,1338
1339,UnknownID=454|RT=19.758,231.20958,19.75837,[M+H]+,1339
1340,UnknownID=456|RT=19.831,372.17636,19.83133,[M]+,1340
1341,UnknownID=457|RT=19.977,283.26227,19.97728,[M+H]+,1341
1342,UnknownID=458|RT=20.093,640.29132,20.09337,[M+H]+,1342
1343,UnknownID=460|RT=20.256,625.32355,20.2559,[M+H]+,1343
1344,UnknownID=461|RT=20.272,417.16415,20.27248,[M+H]+,1344
1345,UnknownID=462|RT=20.382,392.15094,20.38195,[M+H]+,1345
1346,UnknownID=463|RT=20.481,131.05241,20.48147,[M+H]+,1346
1347,UnknownID=464|RT=20.501,371.20102,20.50137,[M-H]+,1347
1348,UnknownID=465|RT=20.525,0,20.52458,[M+H]+,1348
1349,UnknownID=466|RT=20.568,333.14252,20.5677,[M+H]+,1349
1350,UnknownID=468|RT=20.724,337.25525,20.7236,[M+H]+,1350
1351,UnknownID=469|RT=20.747,405.1831,20.74682,[M+H]+,1351
1352,UnknownID=470|RT=20.787,339.27081,20.78662,[M+H]+,1352
1353,UnknownID=471|RT=20.8,445.15845,20.79988,[M+H]+,1353
1354,UnknownID=472|RT=20.833,507.21719,20.83305,[M+H]+,1354
1355,UnknownID=473|RT=20.946,654.34705,20.94583,[M+H]+,1355
1356,UnknownID=474|RT=20.996,341.28635,20.99558,[M-H]+,1356
1357,UnknownID=475|RT=21.032,361.16745,21.03207,[M+H]+,1357
1358,UnknownID=476|RT=21.069,697.38708,21.06857,[M-H]+,1358
1359,UnknownID=477|RT=21.075,339.17151,21.0752,[M+H]+,1359
1360,UnknownID=478|RT=21.128,461.17538,21.12827,[M+H]+,1360
1361,UnknownID=479|RT=21.135,479.1958,21.1349,[M+H]+,1361
1362,UnknownID=480|RT=21.161,667.32068,21.16143,[M+H]+,1362
1363,UnknownID=481|RT=21.168,653.30109,21.16807,[M-H]+,1363
1364,UnknownID=482|RT=21.234,668.34686,21.23442,[M]+,1364
1365,UnknownID=483|RT=21.351,667.34656,21.3505,[M+H]+,1365
1366,UnknownID=484|RT=21.387,667.34161,21.387,[M+H]+,1366
1367,UnknownID=485|RT=21.397,345.13614,21.39695,[M+H]+,1367
1368,UnknownID=486|RT=21.467,361.16681,21.4666,[M+H]+,1368
1369,UnknownID=487|RT=21.516,361.16635,21.51635,[M+H]+,1369
1370,UnknownID=488|RT=21.573,667.34393,21.57273,[M+H]+,1370
1371,UnknownID=489|RT=21.646,269.22174,21.64572,[M-H]+,1371
1372,UnknownID=490|RT=21.745,311.29327,21.74522,[M+H]+,1372
1373,UnknownID=491|RT=21.967,361.17017,21.96745,[M]+,1373
1374,UnknownID=492|RT=21.984,231.08646,21.98403,[M+H]+,1374
1375,UnknownID=493|RT=22.024,361.13681,22.02385,[M-H]+,1375
1376,UnknownID=494|RT=22.05,637.30371,22.05038,[M+H]+,1376
1377,UnknownID=495|RT=22.276,358.16315,22.27593,[M]+,1377
1378,UnknownID=496|RT=22.302,444.17374,22.30247,[M+H]+,1378
1379,UnknownID=497|RT=22.392,739.39038,22.39203,[M+H]+,1379
1380,UnknownID=498|RT=22.647,430.18304,22.64743,[M-H]+,1380
1381,UnknownID=499|RT=22.654,517.20428,22.65407,[M+H]+,1381
1382,UnknownID=500|RT=22.783,468.2598,22.78343,[M+H]+,1382
1383,UnknownID=501|RT=23.128,303.14081,23.1284,[M+H]+,1383
1384,UnknownID=502|RT=23.374,339.32596,23.37385,[M+H]+,1384
1385,UnknownID=504|RT=23.503,459.33188,23.50322,[M-H]+,1385
1386,UnknownID=505|RT=23.54,289.12967,23.5397,[M-H]+,1386
1387,UnknownID=506|RT=23.672,259.11893,23.67238,[M+H]+,1387
1388,UnknownID=509|RT=23.765,403.30737,23.76525,[M]+,1388
1389,UnknownID=510|RT=23.808,548.29382,23.80837,[M+H]+,1389
1390,UnknownID=512|RT=24.031,755.34161,24.03062,[M+H]+,1390
1391,UnknownID=513|RT=24.11,379.17999,24.11022,[M-H]+,1391
1392,UnknownID=514|RT=24.319,827.38666,24.31918,[M+H]+,1392
1393,UnknownID=515|RT=24.346,725.2879,24.34572,[M+H]+,1393
1394,UnknownID=517|RT=24.382,701.32355,24.3822,[M+H]+,1394
1395,UnknownID=518|RT=24.482,347.14746,24.48172,[M+H]+,1395
1396,UnknownID=519|RT=24.518,422.20898,24.5182,[M]+,1396
1397,UnknownID=520|RT=24.525,345.13687,24.52483,[M+H]+,1397
1398,UnknownID=521|RT=24.531,697.30408,24.53147,[M-H]+,1398
1399,UnknownID=522|RT=24.641,407.19269,24.64093,[M-H]+,1399
1400,UnknownID=523|RT=24.87,59.04945,24.8698,[M-H]+,1400
1401,UnknownID=524|RT=24.893,311.29553,24.89302,[M-H]+,1401
1402,UnknownID=526|RT=24.92,217.10669,24.91955,[M-H]+,1402
1403,UnknownID=529|RT=24.996,396.23578,24.99585,[M]+,1403
1404,UnknownID=530|RT=25.178,345.13809,25.17828,[M+H]+,1404
1405,UnknownID=531|RT=25.185,335.14841,25.18492,[M-H]+,1405
1406,UnknownID=533|RT=25.241,392.17795,25.2413,[M+H]+,1406
1407,UnknownID=534|RT=25.371,346.16956,25.37067,[M+H]+,1407
1408,UnknownID=535|RT=25.424,419.18402,25.42373,[M+H]+,1408
1409,UnknownID=536|RT=25.43,361.16705,25.43037,[M+H]+,1409
1410,UnknownID=537|RT=25.513,394.34518,25.5133,[M+H]+,1410
1411,UnknownID=538|RT=25.573,420.17108,25.573,[M]+,1411
1412,UnknownID=539|RT=25.623,319.15726,25.62275,[M-H]+,1412
1413,UnknownID=540|RT=25.752,361.16705,25.75212,[M-H]+,1413
1414,UnknownID=542|RT=25.809,511.2421,25.8085,[M-H]+,1414
1415,UnknownID=544|RT=25.905,231.12116,25.9047,[M]+,1415
1416,UnknownID=545|RT=26.296,395.38666,26.2961,[M+H]+,1416
1417,UnknownID=546|RT=26.299,395.3847,26.29942,[M-H]+,1417
1418,UnknownID=549|RT=26.565,377.0307,26.56477,[M-H]+,1418
1419,UnknownID=550|RT=26.588,377.13534,26.588,[M+H]+,1419
1420,UnknownID=553|RT=27.215,355.33127,27.2149,[M-H]+,1420
1421,UnknownID=554|RT=27.454,317.14233,27.45372,[M-H]+,1421
1422,UnknownID=555|RT=27.55,334.24979,27.54992,[M]+,1422
1423,UnknownID=556|RT=27.613,311.29135,27.61293,[M-H]+,1423
1424,UnknownID=557|RT=27.805,353.31891,27.80532,[M-H]+,1424
1425,UnknownID=558|RT=28.26,339.26657,28.25975,[M+H]+,1425
1426,UnknownID=559|RT=28.654,593.38532,28.65447,[M-H]+,1426
1427,UnknownID=560|RT=28.731,181.10199,28.73077,[M-H]+,1427
1428,UnknownID=561|RT=28.747,211.14766,28.74735,[M+H]+,1428
1429,UnknownID=562|RT=28.751,681.41943,28.75067,[M]+,1429
1430,UnknownID=563|RT=28.787,333.25659,28.78715,[M+H]+,1430
1431,UnknownID=566|RT=28.853,283.24036,28.85348,[M-H]+,1431
1432,UnknownID=567|RT=28.857,307.20703,28.8568,[M-H]+,1432
1433,UnknownID=568|RT=28.913,353.34213,28.9132,[M-H]+,1433
1434,UnknownID=569|RT=29.049,593.38367,29.04918,[M-H]+,1434
1435,UnknownID=570|RT=29.089,381.35068,29.089,[M-H]+,1435
1436,UnknownID=571|RT=29.169,437.20236,29.1686,[M-H]+,1436
1437,UnknownID=573|RT=29.232,317.1416,29.23162,[M-H]+,1437
1438,UnknownID=574|RT=30.356,533.35492,30.35607,[M+H]+,1438
1439,UnknownID=575|RT=30.366,59.04921,30.36602,[M-H]+,1439
1440,UnknownID=576|RT=30.631,317.14059,30.63138,[M+H]+,1440
1441,UnknownID=577|RT=31.096,435.17029,31.09575,[M-H]+,1441
1442,UnknownID=578|RT=31.106,317.13892,31.1057,[M+H]+,1442
1443,UnknownID=579|RT=31.109,345.13898,31.10902,[M+H]+,1443
1444,UnknownID=580|RT=31.756,634.39685,31.75582,[M+H]+,1444
1445,UnknownID=581|RT=31.766,632.39478,31.76577,[M+H]+,1445
1446,UnknownID=583|RT=31.865,751.47247,31.86528,[M]+,1446
1447,UnknownID=584|RT=31.879,720.42981,31.87855,[M+H]+,1447
1448,UnknownID=585|RT=31.885,648.41321,31.88518,[M-H]+,1448
1449,UnknownID=586|RT=32.111,720.42847,32.11073,[M+H]+,1449
1450,UnknownID=587|RT=32.117,720.4372,32.11737,[M]+,1450
1451,UnknownID=588|RT=32.124,692.46436,32.12402,[M-H]+,1451
1452,UnknownID=589|RT=33.258,541.35791,33.2584,[M]+,1452
1453,UnknownID=590|RT=33.268,811.47748,33.26835,[M]+,1453
1454,UnknownID=591|RT=33.275,811.47333,33.27498,[M]+,1454
1455,UnknownID=592|RT=33.285,0,33.28493,[M]+,1455
1456,UnknownID=594|RT=33.59,722.44562,33.5901,[M+H]+,1456
1457,UnknownID=595|RT=35.401,187.15303,35.40117,[M-H]+,1457
1458,UnknownID=596|RT=35.408,237.16133,35.4078,[M+H]+,1458
1459,UnknownID=597|RT=35.885,173.13271,35.88545,[M+H]+,1459
1460,UnknownID=598|RT=35.905,227.17998,35.90535,[M+H]+,1460
